date,equity,ret
2018-01-11 12:00:00,50000.0,
2018-01-11 16:00:00,50000.0,0.0
2018-01-11 20:00:00,50000.0,0.0
2018-01-12 00:00:00,50000.0,0.0
2018-01-12 04:00:00,50000.0,0.0
2018-01-12 08:00:00,50000.0,0.0
2018-01-12 12:00:00,50000.0,0.0
2018-01-12 16:00:00,50000.0,0.0
2018-01-12 20:00:00,50000.0,0.0
2018-01-13 00:00:00,50000.0,0.0
2018-01-13 04:00:00,50000.0,0.0
2018-01-13 08:00:00,50000.0,0.0
2018-01-13 12:00:00,50000.0,0.0
2018-01-13 16:00:00,49998.22101196411,-3.5579760717774356e-05
2018-01-13 20:00:00,49998.22101196411,0.0
2018-01-14 00:00:00,49998.22101196411,0.0
2018-01-14 04:00:00,49998.22101196411,0.0
2018-01-14 08:00:00,49765.38418280047,-0.004656902274741359
2018-01-14 12:00:00,49512.854768076715,-0.005074398979743711
2018-01-14 16:00:00,49355.83563371751,-0.003171280167437396
2018-01-14 20:00:00,49355.83563371751,0.0
2018-01-15 00:00:00,49355.83563371751,0.0
2018-01-15 04:00:00,49355.83563371751,0.0
2018-01-15 08:00:00,49107.18761271604,-0.005037864678186121
2018-01-15 12:00:00,49107.18761271604,0.0
2018-01-15 16:00:00,49107.18761271604,0.0
2018-01-15 20:00:00,49107.18761271604,0.0
2018-01-16 00:00:00,49107.18761271604,0.0
2018-01-16 04:00:00,49107.18761271604,0.0
2018-01-16 08:00:00,49107.18761271604,0.0
2018-01-16 12:00:00,49107.18761271604,0.0
2018-01-16 16:00:00,49107.18761271604,0.0
2018-01-16 20:00:00,49107.18761271604,0.0
2018-01-17 00:00:00,49107.18761271604,0.0
2018-01-17 04:00:00,49107.18761271604,0.0
2018-01-17 08:00:00,49107.18761271604,0.0
2018-01-17 12:00:00,49107.18761271604,0.0
2018-01-17 16:00:00,49107.18761271604,0.0
2018-01-17 20:00:00,49107.18761271604,0.0
2018-01-18 00:00:00,49107.18761271604,0.0
2018-01-18 04:00:00,49107.18761271604,0.0
2018-01-18 08:00:00,49107.18761271604,0.0
2018-01-18 12:00:00,49107.18761271604,0.0
2018-01-18 16:00:00,49107.18761271604,0.0
2018-01-18 20:00:00,49107.18761271604,0.0
2018-01-19 00:00:00,49107.18761271604,0.0
2018-01-19 04:00:00,49107.18761271604,0.0
2018-01-19 08:00:00,49107.18761271604,0.0
2018-01-19 12:00:00,49107.18761271604,0.0
2018-01-19 16:00:00,49107.18761271604,0.0
2018-01-19 20:00:00,49107.18761271604,0.0
2018-01-20 00:00:00,49107.18761271604,0.0
2018-01-20 04:00:00,49107.18761271604,0.0
2018-01-20 08:00:00,49105.93700309727,-2.5466936299345377e-05
2018-01-20 12:00:00,49105.93700309727,0.0
2018-01-20 16:00:00,49105.93700309727,0.0
2018-01-20 20:00:00,49105.93700309727,0.0
2018-01-21 00:00:00,49105.93700309727,0.0
2018-01-21 04:00:00,49105.93700309727,0.0
2018-01-21 08:00:00,49105.93700309727,0.0
2018-01-21 12:00:00,49105.93700309727,0.0
2018-01-21 16:00:00,48919.9708774378,-0.0037870395518110334
2018-01-21 20:00:00,48919.9708774378,0.0
2018-01-22 00:00:00,48919.9708774378,0.0
2018-01-22 04:00:00,48919.9708774378,0.0
2018-01-22 08:00:00,48919.9708774378,0.0
2018-01-22 12:00:00,48919.9708774378,0.0
2018-01-22 16:00:00,48919.9708774378,0.0
2018-01-22 20:00:00,48919.9708774378,0.0
2018-01-23 00:00:00,48919.9708774378,0.0
2018-01-23 04:00:00,48919.9708774378,0.0
2018-01-23 08:00:00,48919.9708774378,0.0
2018-01-23 12:00:00,48919.9708774378,0.0
2018-01-23 16:00:00,48919.9708774378,0.0
2018-01-23 20:00:00,48919.9708774378,0.0
2018-01-24 00:00:00,48919.9708774378,0.0
2018-01-24 04:00:00,48919.9708774378,0.0
2018-01-24 08:00:00,48919.9708774378,0.0
2018-01-24 12:00:00,48919.9708774378,0.0
2018-01-24 16:00:00,48919.9708774378,0.0
2018-01-24 20:00:00,48919.9708774378,0.0
2018-01-25 00:00:00,48919.9708774378,0.0
2018-01-25 04:00:00,48919.9708774378,0.0
2018-01-25 08:00:00,48919.9708774378,0.0
2018-01-25 12:00:00,48919.9708774378,0.0
2018-01-25 16:00:00,48919.9708774378,0.0
2018-01-25 20:00:00,48919.9708774378,0.0
2018-01-26 00:00:00,48919.9708774378,0.0
2018-01-26 04:00:00,48919.9708774378,0.0
2018-01-26 08:00:00,48919.9708774378,0.0
2018-01-26 12:00:00,48919.9708774378,0.0
2018-01-26 16:00:00,48919.9708774378,0.0
2018-01-26 20:00:00,48919.9708774378,0.0
2018-01-27 00:00:00,48919.9708774378,0.0
2018-01-27 04:00:00,48919.9708774378,0.0
2018-01-27 08:00:00,48919.9708774378,0.0
2018-01-27 12:00:00,48919.9708774378,0.0
2018-01-27 16:00:00,48919.9708774378,0.0
2018-01-27 20:00:00,48919.9708774378,0.0
2018-01-28 00:00:00,48919.9708774378,0.0
2018-01-28 04:00:00,48919.9708774378,0.0
2018-01-28 08:00:00,48919.9708774378,0.0
2018-01-28 12:00:00,48919.9708774378,0.0
2018-01-28 16:00:00,48919.9708774378,0.0
2018-01-28 20:00:00,48919.9708774378,0.0
2018-01-29 00:00:00,48919.9708774378,0.0
2018-01-29 04:00:00,48919.9708774378,0.0
2018-01-29 08:00:00,48918.48212802693,-3.0432344585773485e-05
2018-01-29 12:00:00,48918.48212802693,0.0
2018-01-29 16:00:00,48918.48212802693,0.0
2018-01-29 20:00:00,48918.48212802693,0.0
2018-01-30 00:00:00,48918.48212802693,0.0
2018-01-30 04:00:00,48843.50667302145,-0.0015326611077027819
2018-01-30 08:00:00,48843.50667302145,0.0
2018-01-30 12:00:00,48843.50667302145,0.0
2018-01-30 16:00:00,48843.50667302145,0.0
2018-01-30 20:00:00,48843.50667302145,0.0
2018-01-31 00:00:00,48843.50667302145,0.0
2018-01-31 04:00:00,48843.50667302145,0.0
2018-01-31 08:00:00,48843.50667302145,0.0
2018-01-31 12:00:00,48843.50667302145,0.0
2018-01-31 16:00:00,48843.50667302145,0.0
2018-01-31 20:00:00,48843.50667302145,0.0
2018-02-01 00:00:00,48843.50667302145,0.0
2018-02-01 04:00:00,48843.50667302145,0.0
2018-02-01 08:00:00,48843.50667302145,0.0
2018-02-01 12:00:00,48843.50667302145,0.0
2018-02-01 16:00:00,48843.50667302145,0.0
2018-02-01 20:00:00,48843.50667302145,0.0
2018-02-02 00:00:00,48843.50667302145,0.0
2018-02-02 04:00:00,48843.50667302145,0.0
2018-02-02 08:00:00,48843.50667302145,0.0
2018-02-02 12:00:00,48843.50667302145,0.0
2018-02-02 16:00:00,48843.50667302145,0.0
2018-02-02 20:00:00,48843.50667302145,0.0
2018-02-03 00:00:00,48843.50667302145,0.0
2018-02-03 04:00:00,48843.50667302145,0.0
2018-02-03 08:00:00,48843.50667302145,0.0
2018-02-03 12:00:00,48843.50667302145,0.0
2018-02-03 16:00:00,48843.50667302145,0.0
2018-02-03 20:00:00,48843.50667302145,0.0
2018-02-04 00:00:00,48843.50667302145,0.0
2018-02-04 04:00:00,48843.50667302145,0.0
2018-02-04 08:00:00,48843.50667302145,0.0
2018-02-04 12:00:00,48843.50667302145,0.0
2018-02-04 16:00:00,48843.50667302145,0.0
2018-02-04 20:00:00,48843.50667302145,0.0
2018-02-05 00:00:00,48843.50667302145,0.0
2018-02-05 04:00:00,48843.50667302145,0.0
2018-02-05 08:00:00,48843.50667302145,0.0
2018-02-05 12:00:00,48843.50667302145,0.0
2018-02-05 16:00:00,48843.50667302145,0.0
2018-02-05 20:00:00,48843.50667302145,0.0
2018-02-06 00:00:00,48843.50667302145,0.0
2018-02-06 04:00:00,48843.50667302145,0.0
2018-02-06 08:00:00,48843.50667302145,0.0
2018-02-06 12:00:00,48843.50667302145,0.0
2018-02-06 16:00:00,48843.50667302145,0.0
2018-02-06 20:00:00,48843.50667302145,0.0
2018-02-07 00:00:00,48843.50667302145,0.0
2018-02-07 04:00:00,48843.50667302145,0.0
2018-02-07 08:00:00,48843.50667302145,0.0
2018-02-07 12:00:00,48843.50667302145,0.0
2018-02-07 16:00:00,48843.50667302145,0.0
2018-02-07 20:00:00,48843.50667302145,0.0
2018-02-08 00:00:00,48843.50667302145,0.0
2018-02-08 04:00:00,48843.50667302145,0.0
2018-02-08 08:00:00,48843.50667302145,0.0
2018-02-08 12:00:00,48843.50667302145,0.0
2018-02-08 16:00:00,48843.50667302145,0.0
2018-02-08 20:00:00,48843.50667302145,0.0
2018-02-09 00:00:00,48843.50667302145,0.0
2018-02-09 04:00:00,48843.50667302145,0.0
2018-02-09 08:00:00,48843.50667302145,0.0
2018-02-09 12:00:00,48843.50667302145,0.0
2018-02-09 16:00:00,48843.50667302145,0.0
2018-02-09 20:00:00,48843.50667302145,0.0
2018-02-10 00:00:00,48843.50667302145,0.0
2018-02-10 04:00:00,48843.50667302145,0.0
2018-02-10 08:00:00,48843.50667302145,0.0
2018-02-10 12:00:00,48843.50667302145,0.0
2018-02-10 16:00:00,48843.50667302145,0.0
2018-02-10 20:00:00,48843.50667302145,0.0
2018-02-11 00:00:00,48843.50667302145,0.0
2018-02-11 04:00:00,48843.50667302145,0.0
2018-02-11 08:00:00,48843.50667302145,0.0
2018-02-11 12:00:00,48843.50667302145,0.0
2018-02-11 16:00:00,48843.50667302145,0.0
2018-02-11 20:00:00,48843.50667302145,0.0
2018-02-12 00:00:00,48843.50667302145,0.0
2018-02-12 04:00:00,48843.50667302145,0.0
2018-02-12 08:00:00,48843.50667302145,0.0
2018-02-12 12:00:00,48843.50667302145,0.0
2018-02-12 16:00:00,48843.50667302145,0.0
2018-02-12 20:00:00,48843.50667302145,0.0
2018-02-13 00:00:00,48843.50667302145,0.0
2018-02-13 04:00:00,48843.50667302145,0.0
2018-02-13 08:00:00,48843.50667302145,0.0
2018-02-13 12:00:00,48843.50667302145,0.0
2018-02-13 16:00:00,48843.50667302145,0.0
2018-02-13 20:00:00,48843.50667302145,0.0
2018-02-14 00:00:00,48843.50667302145,0.0
2018-02-14 04:00:00,48843.50667302145,0.0
2018-02-14 08:00:00,48843.50667302145,0.0
2018-02-14 12:00:00,48843.50667302145,0.0
2018-02-14 16:00:00,48843.50667302145,0.0
2018-02-14 20:00:00,48843.50667302145,0.0
2018-02-15 00:00:00,48843.50667302145,0.0
2018-02-15 04:00:00,48843.50667302145,0.0
2018-02-15 08:00:00,48843.50667302145,0.0
2018-02-15 12:00:00,48843.50667302145,0.0
2018-02-15 16:00:00,48843.50667302145,0.0
2018-02-15 20:00:00,48843.50667302145,0.0
2018-02-16 00:00:00,48840.9670387967,-5.19953295277098e-05
2018-02-16 04:00:00,48840.9670387967,0.0
2018-02-16 08:00:00,48840.9670387967,0.0
2018-02-16 12:00:00,48840.9670387967,0.0
2018-02-16 16:00:00,48840.9670387967,0.0
2018-02-16 20:00:00,48840.9670387967,0.0
2018-02-17 00:00:00,48840.9670387967,0.0
2018-02-17 04:00:00,48840.9670387967,0.0
2018-02-17 08:00:00,48840.9670387967,0.0
2018-02-17 12:00:00,48840.9670387967,0.0
2018-02-17 16:00:00,48840.9670387967,0.0
2018-02-17 20:00:00,48840.9670387967,0.0
2018-02-18 00:00:00,48840.9670387967,0.0
2018-02-18 04:00:00,48991.985478350216,0.0030920444190540852
2018-02-18 08:00:00,48742.61647717876,-0.005089995817410875
2018-02-18 12:00:00,48742.61647717876,0.0
2018-02-18 16:00:00,48742.61647717876,0.0
2018-02-18 20:00:00,48742.61647717876,0.0
2018-02-19 00:00:00,48742.61647717876,0.0
2018-02-19 04:00:00,48742.61647717876,0.0
2018-02-19 08:00:00,48742.61647717876,0.0
2018-02-19 12:00:00,48742.61647717876,0.0
2018-02-19 16:00:00,48742.61647717876,0.0
2018-02-19 20:00:00,48742.61647717876,0.0
2018-02-20 00:00:00,48742.61647717876,0.0
2018-02-20 04:00:00,48742.61647717876,0.0
2018-02-20 08:00:00,48742.61647717876,0.0
2018-02-20 12:00:00,48742.61647717876,0.0
2018-02-20 16:00:00,48742.61647717876,0.0
2018-02-20 20:00:00,48742.61647717876,0.0
2018-02-21 00:00:00,48888.38835743168,0.0029906453692565282
2018-02-21 04:00:00,48888.38835743168,0.0
2018-02-21 08:00:00,48888.38835743168,0.0
2018-02-21 12:00:00,48639.62198811821,-0.005088455105017875
2018-02-21 16:00:00,48639.62198811821,0.0
2018-02-21 20:00:00,48639.62198811821,0.0
2018-02-22 00:00:00,48467.72219596206,-0.0035341514824713816
2018-02-22 04:00:00,48467.72219596206,0.0
2018-02-22 08:00:00,48467.72219596206,0.0
2018-02-22 12:00:00,48467.72219596206,0.0
2018-02-22 16:00:00,48467.72219596206,0.0
2018-02-22 20:00:00,48467.72219596206,0.0
2018-02-23 00:00:00,48467.72219596206,0.0
2018-02-23 04:00:00,48467.72219596206,0.0
2018-02-23 08:00:00,48467.72219596206,0.0
2018-02-23 12:00:00,48467.72219596206,0.0
2018-02-23 16:00:00,48467.72219596206,0.0
2018-02-23 20:00:00,48467.72219596206,0.0
2018-02-24 00:00:00,48467.72219596206,0.0
2018-02-24 04:00:00,48467.72219596206,0.0
2018-02-24 08:00:00,48467.72219596206,0.0
2018-02-24 12:00:00,48467.72219596206,0.0
2018-02-24 16:00:00,48467.72219596206,0.0
2018-02-24 20:00:00,48467.72219596206,0.0
2018-02-25 00:00:00,48467.72219596206,0.0
2018-02-25 04:00:00,48467.72219596206,0.0
2018-02-25 08:00:00,48467.72219596206,0.0
2018-02-25 12:00:00,48467.72219596206,0.0
2018-02-25 16:00:00,48467.72219596206,0.0
2018-02-25 20:00:00,48467.72219596206,0.0
2018-02-26 00:00:00,48467.72219596206,0.0
2018-02-26 04:00:00,48467.72219596206,0.0
2018-02-26 08:00:00,48467.72219596206,0.0
2018-02-26 12:00:00,48579.85567980873,0.0023135703261090157
2018-02-26 16:00:00,48579.85567980873,0.0
2018-02-26 20:00:00,48579.85567980873,0.0
2018-02-27 00:00:00,48579.85567980873,0.0
2018-02-27 04:00:00,48579.85567980873,0.0
2018-02-27 08:00:00,48579.85567980873,0.0
2018-02-27 12:00:00,48579.85567980873,0.0
2018-02-27 16:00:00,48579.85567980873,0.0
2018-02-27 20:00:00,48579.85567980873,0.0
2018-02-28 00:00:00,48579.85567980873,0.0
2018-02-28 04:00:00,48579.85567980873,0.0
2018-02-28 08:00:00,48577.54724609293,-4.751833210492329e-05
2018-02-28 12:00:00,48577.54724609293,0.0
2018-02-28 16:00:00,48577.54724609293,0.0
2018-02-28 20:00:00,48577.54724609293,0.0
2018-03-01 00:00:00,48577.54724609293,0.0
2018-03-01 04:00:00,48577.54724609293,0.0
2018-03-01 08:00:00,48577.54724609293,0.0
2018-03-01 12:00:00,48577.54724609293,0.0
2018-03-01 16:00:00,48577.54724609293,0.0
2018-03-01 20:00:00,48577.54724609293,0.0
2018-03-02 00:00:00,48577.54724609293,0.0
2018-03-02 04:00:00,48577.54724609293,0.0
2018-03-02 08:00:00,48577.54724609293,0.0
2018-03-02 12:00:00,48577.54724609293,0.0
2018-03-02 16:00:00,48577.54724609293,0.0
2018-03-02 20:00:00,48577.54724609293,0.0
2018-03-03 00:00:00,48577.54724609293,0.0
2018-03-03 04:00:00,48577.54724609293,0.0
2018-03-03 08:00:00,48577.54724609293,0.0
2018-03-03 12:00:00,48577.54724609293,0.0
2018-03-03 16:00:00,48577.54724609293,0.0
2018-03-03 20:00:00,48577.54724609293,0.0
2018-03-04 00:00:00,48577.54724609293,0.0
2018-03-04 04:00:00,48577.54724609293,0.0
2018-03-04 08:00:00,48577.54724609293,0.0
2018-03-04 12:00:00,48577.54724609293,0.0
2018-03-04 16:00:00,48577.54724609293,0.0
2018-03-04 20:00:00,48577.54724609293,0.0
2018-03-05 00:00:00,48577.54724609293,0.0
2018-03-05 04:00:00,48577.54724609293,0.0
2018-03-05 08:00:00,48577.54724609293,0.0
2018-03-05 12:00:00,48577.54724609293,0.0
2018-03-05 16:00:00,48577.54724609293,0.0
2018-03-05 20:00:00,48577.54724609293,0.0
2018-03-06 00:00:00,48760.66984637355,0.003769696303375092
2018-03-06 04:00:00,48760.66984637355,0.0
2018-03-06 08:00:00,48508.49907290676,-0.005171601913207646
2018-03-06 12:00:00,48258.05405728541,-0.005162910013870703
2018-03-06 16:00:00,48266.80191825687,0.00018127255941724485
2018-03-06 20:00:00,48266.80191825687,0.0
2018-03-07 00:00:00,48266.80191825687,0.0
2018-03-07 04:00:00,48266.80191825687,0.0
2018-03-07 08:00:00,48266.80191825687,0.0
2018-03-07 12:00:00,48266.80191825687,0.0
2018-03-07 16:00:00,48266.80191825687,0.0
2018-03-07 20:00:00,48266.80191825687,0.0
2018-03-08 00:00:00,48266.80191825687,0.0
2018-03-08 04:00:00,48266.80191825687,0.0
2018-03-08 08:00:00,48266.80191825687,0.0
2018-03-08 12:00:00,48266.80191825687,0.0
2018-03-08 16:00:00,48266.80191825687,0.0
2018-03-08 20:00:00,48266.80191825687,0.0
2018-03-09 00:00:00,48266.80191825687,0.0
2018-03-09 04:00:00,48266.80191825687,0.0
2018-03-09 08:00:00,48266.80191825687,0.0
2018-03-09 12:00:00,48266.80191825687,0.0
2018-03-09 16:00:00,48266.80191825687,0.0
2018-03-09 20:00:00,48266.80191825687,0.0
2018-03-10 00:00:00,48266.80191825687,0.0
2018-03-10 04:00:00,48266.80191825687,0.0
2018-03-10 08:00:00,48266.80191825687,0.0
2018-03-10 12:00:00,48266.80191825687,0.0
2018-03-10 16:00:00,48266.80191825687,0.0
2018-03-10 20:00:00,48266.80191825687,0.0
2018-03-11 00:00:00,48266.80191825687,0.0
2018-03-11 04:00:00,48266.80191825687,0.0
2018-03-11 08:00:00,48266.80191825687,0.0
2018-03-11 12:00:00,48266.80191825687,0.0
2018-03-11 16:00:00,49169.292321416244,0.01869795319540346
2018-03-11 20:00:00,49169.292321416244,0.0
2018-03-12 00:00:00,49169.292321416244,0.0
2018-03-12 04:00:00,49169.292321416244,0.0
2018-03-12 08:00:00,49169.292321416244,0.0
2018-03-12 12:00:00,49167.282814979124,-4.086913482470589e-05
2018-03-12 16:00:00,48917.849105333924,-0.005073164416749321
2018-03-12 20:00:00,48917.849105333924,0.0
2018-03-13 00:00:00,48917.849105333924,0.0
2018-03-13 04:00:00,48917.849105333924,0.0
2018-03-13 08:00:00,48917.849105333924,0.0
2018-03-13 12:00:00,48917.849105333924,0.0
2018-03-13 16:00:00,48917.849105333924,0.0
2018-03-13 20:00:00,48917.849105333924,0.0
2018-03-14 00:00:00,48917.849105333924,0.0
2018-03-14 04:00:00,48917.849105333924,0.0
2018-03-14 08:00:00,48917.849105333924,0.0
2018-03-14 12:00:00,48917.849105333924,0.0
2018-03-14 16:00:00,48917.849105333924,0.0
2018-03-14 20:00:00,48917.849105333924,0.0
2018-03-15 00:00:00,48917.849105333924,0.0
2018-03-15 04:00:00,48917.849105333924,0.0
2018-03-15 08:00:00,48917.849105333924,0.0
2018-03-15 12:00:00,48917.849105333924,0.0
2018-03-15 16:00:00,48917.849105333924,0.0
2018-03-15 20:00:00,48917.849105333924,0.0
2018-03-16 00:00:00,48917.849105333924,0.0
2018-03-16 04:00:00,48917.849105333924,0.0
2018-03-16 08:00:00,48917.849105333924,0.0
2018-03-16 12:00:00,48917.849105333924,0.0
2018-03-16 16:00:00,48917.849105333924,0.0
2018-03-16 20:00:00,48917.849105333924,0.0
2018-03-17 00:00:00,48917.849105333924,0.0
2018-03-17 04:00:00,48917.849105333924,0.0
2018-03-17 08:00:00,48917.849105333924,0.0
2018-03-17 12:00:00,48917.849105333924,0.0
2018-03-17 16:00:00,48917.849105333924,0.0
2018-03-17 20:00:00,48917.849105333924,0.0
2018-03-18 00:00:00,48917.849105333924,0.0
2018-03-18 04:00:00,48917.849105333924,0.0
2018-03-18 08:00:00,48917.849105333924,0.0
2018-03-18 12:00:00,48917.849105333924,0.0
2018-03-18 16:00:00,48917.849105333924,0.0
2018-03-18 20:00:00,49304.9404979855,0.00791309102364779
2018-03-19 00:00:00,49304.9404979855,0.0
2018-03-19 04:00:00,49304.9404979855,0.0
2018-03-19 08:00:00,49304.9404979855,0.0
2018-03-19 12:00:00,49304.9404979855,0.0
2018-03-19 16:00:00,49304.9404979855,0.0
2018-03-19 20:00:00,49304.9404979855,0.0
2018-03-20 00:00:00,49304.9404979855,0.0
2018-03-20 04:00:00,49304.9404979855,0.0
2018-03-20 08:00:00,49304.9404979855,0.0
2018-03-20 12:00:00,49304.9404979855,0.0
2018-03-20 16:00:00,49304.9404979855,0.0
2018-03-20 20:00:00,49304.9404979855,0.0
2018-03-21 00:00:00,49304.9404979855,0.0
2018-03-21 04:00:00,49304.9404979855,0.0
2018-03-21 08:00:00,49302.60381529342,-4.7392465511220117e-05
2018-03-21 12:00:00,49302.60381529342,0.0
2018-03-21 16:00:00,49302.60381529342,0.0
2018-03-21 20:00:00,49302.60381529342,0.0
2018-03-22 00:00:00,49302.60381529342,0.0
2018-03-22 04:00:00,49302.60381529342,0.0
2018-03-22 08:00:00,49302.60381529342,0.0
2018-03-22 12:00:00,49125.65945870898,-0.00358894546923616
2018-03-22 16:00:00,49125.65945870898,0.0
2018-03-22 20:00:00,49125.65945870898,0.0
2018-03-23 00:00:00,49125.65945870898,0.0
2018-03-23 04:00:00,49125.65945870898,0.0
2018-03-23 08:00:00,49125.65945870898,0.0
2018-03-23 12:00:00,49125.65945870898,0.0
2018-03-23 16:00:00,49125.65945870898,0.0
2018-03-23 20:00:00,49125.65945870898,0.0
2018-03-24 00:00:00,49125.65945870898,0.0
2018-03-24 04:00:00,49125.65945870898,0.0
2018-03-24 08:00:00,49125.65945870898,0.0
2018-03-24 12:00:00,49125.65945870898,0.0
2018-03-24 16:00:00,49125.65945870898,0.0
2018-03-24 20:00:00,49125.65945870898,0.0
2018-03-25 00:00:00,49125.65945870898,0.0
2018-03-25 04:00:00,49125.65945870898,0.0
2018-03-25 08:00:00,49125.65945870898,0.0
2018-03-25 12:00:00,49125.65945870898,0.0
2018-03-25 16:00:00,49125.65945870898,0.0
2018-03-25 20:00:00,49125.65945870898,0.0
2018-03-26 00:00:00,49125.65945870898,0.0
2018-03-26 04:00:00,49125.65945870898,0.0
2018-03-26 08:00:00,49125.65945870898,0.0
2018-03-26 12:00:00,49120.2638613873,-0.00010983256776864181
2018-03-26 16:00:00,48869.38734375045,-0.005107393525914161
2018-03-26 20:00:00,48869.38734375045,0.0
2018-03-27 00:00:00,48869.38734375045,0.0
2018-03-27 04:00:00,48869.38734375045,0.0
2018-03-27 08:00:00,48869.38734375045,0.0
2018-03-27 12:00:00,48869.38734375045,0.0
2018-03-27 16:00:00,48869.38734375045,0.0
2018-03-27 20:00:00,48869.38734375045,0.0
2018-03-28 00:00:00,48869.38734375045,0.0
2018-03-28 04:00:00,48869.38734375045,0.0
2018-03-28 08:00:00,48869.38734375045,0.0
2018-03-28 12:00:00,48869.38734375045,0.0
2018-03-28 16:00:00,48869.38734375045,0.0
2018-03-28 20:00:00,48869.38734375045,0.0
2018-03-29 00:00:00,48869.38734375045,0.0
2018-03-29 04:00:00,48869.38734375045,0.0
2018-03-29 08:00:00,48869.38734375045,0.0
2018-03-29 12:00:00,48869.38734375045,0.0
2018-03-29 16:00:00,48869.38734375045,0.0
2018-03-29 20:00:00,48869.38734375045,0.0
2018-03-30 00:00:00,48869.38734375045,0.0
2018-03-30 04:00:00,48869.38734375045,0.0
2018-03-30 08:00:00,48869.38734375045,0.0
2018-03-30 12:00:00,48869.38734375045,0.0
2018-03-30 16:00:00,48869.38734375045,0.0
2018-03-30 20:00:00,48869.38734375045,0.0
2018-03-31 00:00:00,48869.38734375045,0.0
2018-03-31 04:00:00,48869.38734375045,0.0
2018-03-31 08:00:00,48869.38734375045,0.0
2018-03-31 12:00:00,48869.38734375045,0.0
2018-03-31 16:00:00,48869.38734375045,0.0
2018-03-31 20:00:00,48869.38734375045,0.0
2018-04-01 00:00:00,48869.38734375045,0.0
2018-04-01 04:00:00,48869.38734375045,0.0
2018-04-01 08:00:00,48869.38734375045,0.0
2018-04-01 12:00:00,48869.38734375045,0.0
2018-04-01 16:00:00,48869.38734375045,0.0
2018-04-01 20:00:00,48869.38734375045,0.0
2018-04-02 00:00:00,48869.38734375045,0.0
2018-04-02 04:00:00,48869.38734375045,0.0
2018-04-02 08:00:00,48869.38734375045,0.0
2018-04-02 12:00:00,48869.38734375045,0.0
2018-04-02 16:00:00,48869.38734375045,0.0
2018-04-02 20:00:00,48869.38734375045,0.0
2018-04-03 00:00:00,48869.38734375045,0.0
2018-04-03 04:00:00,48869.38734375045,0.0
2018-04-03 08:00:00,48866.93914172905,-5.009684292089922e-05
2018-04-03 12:00:00,48866.93914172905,0.0
2018-04-03 16:00:00,48866.93914172905,0.0
2018-04-03 20:00:00,48866.93914172905,0.0
2018-04-04 00:00:00,48866.93914172905,0.0
2018-04-04 04:00:00,48866.93914172905,0.0
2018-04-04 08:00:00,48669.81965319116,-0.004033800602206483
2018-04-04 12:00:00,48669.81965319116,0.0
2018-04-04 16:00:00,48669.81965319116,0.0
2018-04-04 20:00:00,48669.81965319116,0.0
2018-04-05 00:00:00,48669.81965319116,0.0
2018-04-05 04:00:00,48669.81965319116,0.0
2018-04-05 08:00:00,48669.81965319116,0.0
2018-04-05 12:00:00,48669.81965319116,0.0
2018-04-05 16:00:00,48669.81965319116,0.0
2018-04-05 20:00:00,48669.81965319116,0.0
2018-04-06 00:00:00,48669.81965319116,0.0
2018-04-06 04:00:00,48669.81965319116,0.0
2018-04-06 08:00:00,48669.81965319116,0.0
2018-04-06 12:00:00,48669.81965319116,0.0
2018-04-06 16:00:00,48669.81965319116,0.0
2018-04-06 20:00:00,48669.81965319116,0.0
2018-04-07 00:00:00,48669.81965319116,0.0
2018-04-07 04:00:00,48669.81965319116,0.0
2018-04-07 08:00:00,48669.81965319116,0.0
2018-04-07 12:00:00,48669.81965319116,0.0
2018-04-07 16:00:00,48669.81965319116,0.0
2018-04-07 20:00:00,48669.81965319116,0.0
2018-04-08 00:00:00,48666.759579227866,-6.287415866956803e-05
2018-04-08 04:00:00,48666.759579227866,0.0
2018-04-08 08:00:00,48666.759579227866,0.0
2018-04-08 12:00:00,48666.759579227866,0.0
2018-04-08 16:00:00,48666.759579227866,0.0
2018-04-08 20:00:00,48666.759579227866,0.0
2018-04-09 00:00:00,48666.759579227866,0.0
2018-04-09 04:00:00,48666.759579227866,0.0
2018-04-09 08:00:00,48626.8847947873,-0.0008193433215057944
2018-04-09 12:00:00,48626.8847947873,0.0
2018-04-09 16:00:00,48626.8847947873,0.0
2018-04-09 20:00:00,48626.8847947873,0.0
2018-04-10 00:00:00,48626.8847947873,0.0
2018-04-10 04:00:00,48626.8847947873,0.0
2018-04-10 08:00:00,48626.8847947873,0.0
2018-04-10 12:00:00,48626.8847947873,0.0
2018-04-10 16:00:00,48626.8847947873,0.0
2018-04-10 20:00:00,48626.8847947873,0.0
2018-04-11 00:00:00,48626.8847947873,0.0
2018-04-11 04:00:00,48626.8847947873,0.0
2018-04-11 08:00:00,48626.8847947873,0.0
2018-04-11 12:00:00,48626.8847947873,0.0
2018-04-11 16:00:00,48626.8847947873,0.0
2018-04-11 20:00:00,48626.8847947873,0.0
2018-04-12 00:00:00,48626.8847947873,0.0
2018-04-12 04:00:00,48626.8847947873,0.0
2018-04-12 08:00:00,48626.8847947873,0.0
2018-04-12 12:00:00,48622.707493497015,-8.590517998252611e-05
2018-04-12 16:00:00,48622.707493497015,0.0
2018-04-12 20:00:00,48371.341989282104,-0.005169714258477454
2018-04-13 00:00:00,48122.59987539801,-0.005142344695320045
2018-04-13 04:00:00,48122.59987539801,0.0
2018-04-13 08:00:00,48122.59987539801,0.0
2018-04-13 12:00:00,48122.59987539801,0.0
2018-04-13 16:00:00,48122.59987539801,0.0
2018-04-13 20:00:00,48122.59987539801,0.0
2018-04-14 00:00:00,48122.59987539801,0.0
2018-04-14 04:00:00,48122.59987539801,0.0
2018-04-14 08:00:00,48122.59987539801,0.0
2018-04-14 12:00:00,48122.59987539801,0.0
2018-04-14 16:00:00,48122.59987539801,0.0
2018-04-14 20:00:00,48122.59987539801,0.0
2018-04-15 00:00:00,48122.59987539801,0.0
2018-04-15 04:00:00,48122.59987539801,0.0
2018-04-15 08:00:00,48122.59987539801,0.0
2018-04-15 12:00:00,48122.59987539801,0.0
2018-04-15 16:00:00,48122.59987539801,0.0
2018-04-15 20:00:00,48122.59987539801,0.0
2018-04-16 00:00:00,48122.59987539801,0.0
2018-04-16 04:00:00,48122.59987539801,0.0
2018-04-16 08:00:00,48122.59987539801,0.0
2018-04-16 12:00:00,48164.9073160886,0.0008791594967880734
2018-04-16 16:00:00,48164.9073160886,0.0
2018-04-16 20:00:00,48164.9073160886,0.0
2018-04-17 00:00:00,48164.9073160886,0.0
2018-04-17 04:00:00,48164.9073160886,0.0
2018-04-17 08:00:00,48164.9073160886,0.0
2018-04-17 12:00:00,48164.9073160886,0.0
2018-04-17 16:00:00,48164.9073160886,0.0
2018-04-17 20:00:00,48164.9073160886,0.0
2018-04-18 00:00:00,48164.9073160886,0.0
2018-04-18 04:00:00,48164.9073160886,0.0
2018-04-18 08:00:00,48164.9073160886,0.0
2018-04-18 12:00:00,48164.9073160886,0.0
2018-04-18 16:00:00,48164.9073160886,0.0
2018-04-18 20:00:00,48164.9073160886,0.0
2018-04-19 00:00:00,48164.9073160886,0.0
2018-04-19 04:00:00,48164.9073160886,0.0
2018-04-19 08:00:00,48164.9073160886,0.0
2018-04-19 12:00:00,48164.9073160886,0.0
2018-04-19 16:00:00,48164.9073160886,0.0
2018-04-19 20:00:00,48164.9073160886,0.0
2018-04-20 00:00:00,48164.9073160886,0.0
2018-04-20 04:00:00,48164.9073160886,0.0
2018-04-20 08:00:00,48164.9073160886,0.0
2018-04-20 12:00:00,48164.9073160886,0.0
2018-04-20 16:00:00,48164.9073160886,0.0
2018-04-20 20:00:00,48164.9073160886,0.0
2018-04-21 00:00:00,48164.9073160886,0.0
2018-04-21 04:00:00,48164.9073160886,0.0
2018-04-21 08:00:00,48164.9073160886,0.0
2018-04-21 12:00:00,48164.9073160886,0.0
2018-04-21 16:00:00,48164.9073160886,0.0
2018-04-21 20:00:00,48164.9073160886,0.0
2018-04-22 00:00:00,48164.9073160886,0.0
2018-04-22 04:00:00,48164.9073160886,0.0
2018-04-22 08:00:00,48164.9073160886,0.0
2018-04-22 12:00:00,48164.9073160886,0.0
2018-04-22 16:00:00,48164.9073160886,0.0
2018-04-22 20:00:00,48164.9073160886,0.0
2018-04-23 00:00:00,48164.9073160886,0.0
2018-04-23 04:00:00,48164.9073160886,0.0
2018-04-23 08:00:00,48164.9073160886,0.0
2018-04-23 12:00:00,48164.9073160886,0.0
2018-04-23 16:00:00,48164.9073160886,0.0
2018-04-23 20:00:00,48164.9073160886,0.0
2018-04-24 00:00:00,48164.9073160886,0.0
2018-04-24 04:00:00,48164.9073160886,0.0
2018-04-24 08:00:00,48164.9073160886,0.0
2018-04-24 12:00:00,48164.9073160886,0.0
2018-04-24 16:00:00,48164.9073160886,0.0
2018-04-24 20:00:00,48164.9073160886,0.0
2018-04-25 00:00:00,48164.9073160886,0.0
2018-04-25 04:00:00,49026.79285046698,0.017894470941720142
2018-04-25 08:00:00,49026.79285046698,0.0
2018-04-25 12:00:00,48775.247471441195,-0.0051307736933355885
2018-04-25 16:00:00,48775.247471441195,0.0
2018-04-25 20:00:00,48775.247471441195,0.0
2018-04-26 00:00:00,48526.15901152008,-0.0051068620424111755
2018-04-26 04:00:00,48526.15901152008,0.0
2018-04-26 08:00:00,48516.45912702229,-0.00019988980573326653
2018-04-26 12:00:00,48516.45912702229,0.0
2018-04-26 16:00:00,48516.45912702229,0.0
2018-04-26 20:00:00,48516.45912702229,0.0
2018-04-27 00:00:00,48516.45912702229,0.0
2018-04-27 04:00:00,48385.186504261415,-0.0027057337885517674
2018-04-27 08:00:00,48385.186504261415,0.0
2018-04-27 12:00:00,48385.186504261415,0.0
2018-04-27 16:00:00,48385.186504261415,0.0
2018-04-27 20:00:00,48385.186504261415,0.0
2018-04-28 00:00:00,48385.186504261415,0.0
2018-04-28 04:00:00,48385.186504261415,0.0
2018-04-28 08:00:00,48385.186504261415,0.0
2018-04-28 12:00:00,48385.186504261415,0.0
2018-04-28 16:00:00,48385.186504261415,0.0
2018-04-28 20:00:00,48385.186504261415,0.0
2018-04-29 00:00:00,48385.186504261415,0.0
2018-04-29 04:00:00,48385.186504261415,0.0
2018-04-29 08:00:00,48385.186504261415,0.0
2018-04-29 12:00:00,48385.186504261415,0.0
2018-04-29 16:00:00,48385.186504261415,0.0
2018-04-29 20:00:00,48385.186504261415,0.0
2018-04-30 00:00:00,48385.186504261415,0.0
2018-04-30 04:00:00,48385.186504261415,0.0
2018-04-30 08:00:00,48385.186504261415,0.0
2018-04-30 12:00:00,48385.186504261415,0.0
2018-04-30 16:00:00,48385.186504261415,0.0
2018-04-30 20:00:00,48385.186504261415,0.0
2018-05-01 00:00:00,48385.186504261415,0.0
2018-05-01 04:00:00,48385.186504261415,0.0
2018-05-01 08:00:00,48385.186504261415,0.0
2018-05-01 12:00:00,48385.186504261415,0.0
2018-05-01 16:00:00,48385.186504261415,0.0
2018-05-01 20:00:00,48385.186504261415,0.0
2018-05-02 00:00:00,48385.186504261415,0.0
2018-05-02 04:00:00,48385.186504261415,0.0
2018-05-02 08:00:00,48385.186504261415,0.0
2018-05-02 12:00:00,48385.186504261415,0.0
2018-05-02 16:00:00,48385.186504261415,0.0
2018-05-02 20:00:00,48385.186504261415,0.0
2018-05-03 00:00:00,48385.186504261415,0.0
2018-05-03 04:00:00,48385.186504261415,0.0
2018-05-03 08:00:00,48385.186504261415,0.0
2018-05-03 12:00:00,48385.186504261415,0.0
2018-05-03 16:00:00,48385.186504261415,0.0
2018-05-03 20:00:00,48376.50943744052,-0.0001793331275085075
2018-05-04 00:00:00,48376.50943744052,0.0
2018-05-04 04:00:00,48496.52839213095,0.0024809345710574693
2018-05-04 08:00:00,48496.52839213095,0.0
2018-05-04 12:00:00,48496.52839213095,0.0
2018-05-04 16:00:00,48496.52839213095,0.0
2018-05-04 20:00:00,48496.52839213095,0.0
2018-05-05 00:00:00,48496.52839213095,0.0
2018-05-05 04:00:00,48496.52839213095,0.0
2018-05-05 08:00:00,48496.52839213095,0.0
2018-05-05 12:00:00,48496.52839213095,0.0
2018-05-05 16:00:00,48496.52839213095,0.0
2018-05-05 20:00:00,48492.669130642746,-7.957809798264659e-05
2018-05-06 00:00:00,48492.669130642746,0.0
2018-05-06 04:00:00,48492.669130642746,0.0
2018-05-06 08:00:00,48306.61702675766,-0.003836705778843541
2018-05-06 12:00:00,48306.61702675766,0.0
2018-05-06 16:00:00,48306.61702675766,0.0
2018-05-06 20:00:00,48306.61702675766,0.0
2018-05-07 00:00:00,48306.61702675766,0.0
2018-05-07 04:00:00,48306.61702675766,0.0
2018-05-07 08:00:00,48306.61702675766,0.0
2018-05-07 12:00:00,48306.61702675766,0.0
2018-05-07 16:00:00,48306.61702675766,0.0
2018-05-07 20:00:00,48306.61702675766,0.0
2018-05-08 00:00:00,48306.61702675766,0.0
2018-05-08 04:00:00,48306.61702675766,0.0
2018-05-08 08:00:00,48306.61702675766,0.0
2018-05-08 12:00:00,48306.61702675766,0.0
2018-05-08 16:00:00,48306.61702675766,0.0
2018-05-08 20:00:00,48306.61702675766,0.0
2018-05-09 00:00:00,48306.61702675766,0.0
2018-05-09 04:00:00,48306.61702675766,0.0
2018-05-09 08:00:00,48306.61702675766,0.0
2018-05-09 12:00:00,48306.61702675766,0.0
2018-05-09 16:00:00,48306.61702675766,0.0
2018-05-09 20:00:00,48306.61702675766,0.0
2018-05-10 00:00:00,48306.61702675766,0.0
2018-05-10 04:00:00,48306.61702675766,0.0
2018-05-10 08:00:00,48306.61702675766,0.0
2018-05-10 12:00:00,48306.61702675766,0.0
2018-05-10 16:00:00,48306.61702675766,0.0
2018-05-10 20:00:00,48306.61702675766,0.0
2018-05-11 00:00:00,48306.61702675766,0.0
2018-05-11 04:00:00,48306.61702675766,0.0
2018-05-11 08:00:00,48306.61702675766,0.0
2018-05-11 12:00:00,48306.61702675766,0.0
2018-05-11 16:00:00,48306.61702675766,0.0
2018-05-11 20:00:00,48306.61702675766,0.0
2018-05-12 00:00:00,48306.61702675766,0.0
2018-05-12 04:00:00,48306.61702675766,0.0
2018-05-12 08:00:00,48306.61702675766,0.0
2018-05-12 12:00:00,48306.61702675766,0.0
2018-05-12 16:00:00,48306.61702675766,0.0
2018-05-12 20:00:00,48306.61702675766,0.0
2018-05-13 00:00:00,48306.61702675766,0.0
2018-05-13 04:00:00,48306.61702675766,0.0
2018-05-13 08:00:00,48306.61702675766,0.0
2018-05-13 12:00:00,48306.61702675766,0.0
2018-05-13 16:00:00,48306.61702675766,0.0
2018-05-13 20:00:00,48306.61702675766,0.0
2018-05-14 00:00:00,48306.61702675766,0.0
2018-05-14 04:00:00,48306.61702675766,0.0
2018-05-14 08:00:00,48306.61702675766,0.0
2018-05-14 12:00:00,48306.61702675766,0.0
2018-05-14 16:00:00,48306.61702675766,0.0
2018-05-14 20:00:00,48306.61702675766,0.0
2018-05-15 00:00:00,48306.61702675766,0.0
2018-05-15 04:00:00,48306.61702675766,0.0
2018-05-15 08:00:00,48306.61702675766,0.0
2018-05-15 12:00:00,48303.57016605411,-6.307336118904772e-05
2018-05-15 16:00:00,48150.49415918719,-0.003169041260111527
2018-05-15 20:00:00,48150.49415918719,0.0
2018-05-16 00:00:00,48150.49415918719,0.0
2018-05-16 04:00:00,48150.49415918719,0.0
2018-05-16 08:00:00,48150.49415918719,0.0
2018-05-16 12:00:00,48150.49415918719,0.0
2018-05-16 16:00:00,48150.49415918719,0.0
2018-05-16 20:00:00,48150.49415918719,0.0
2018-05-17 00:00:00,48150.49415918719,0.0
2018-05-17 04:00:00,48150.49415918719,0.0
2018-05-17 08:00:00,48150.49415918719,0.0
2018-05-17 12:00:00,48150.49415918719,0.0
2018-05-17 16:00:00,48150.49415918719,0.0
2018-05-17 20:00:00,48150.49415918719,0.0
2018-05-18 00:00:00,48150.49415918719,0.0
2018-05-18 04:00:00,48150.49415918719,0.0
2018-05-18 08:00:00,48150.49415918719,0.0
2018-05-18 12:00:00,48150.49415918719,0.0
2018-05-18 16:00:00,48150.49415918719,0.0
2018-05-18 20:00:00,48150.49415918719,0.0
2018-05-19 00:00:00,48150.49415918719,0.0
2018-05-19 04:00:00,48150.49415918719,0.0
2018-05-19 08:00:00,48150.49415918719,0.0
2018-05-19 12:00:00,48150.49415918719,0.0
2018-05-19 16:00:00,48150.49415918719,0.0
2018-05-19 20:00:00,48150.49415918719,0.0
2018-05-20 00:00:00,48150.49415918719,0.0
2018-05-20 04:00:00,48150.49415918719,0.0
2018-05-20 08:00:00,48150.49415918719,0.0
2018-05-20 12:00:00,48150.49415918719,0.0
2018-05-20 16:00:00,48214.59167377528,0.0013311912101292567
2018-05-20 20:00:00,48214.59167377528,0.0
2018-05-21 00:00:00,48214.59167377528,0.0
2018-05-21 04:00:00,48214.59167377528,0.0
2018-05-21 08:00:00,48214.59167377528,0.0
2018-05-21 12:00:00,48214.59167377528,0.0
2018-05-21 16:00:00,48214.59167377528,0.0
2018-05-21 20:00:00,48214.59167377528,0.0
2018-05-22 00:00:00,48214.59167377528,0.0
2018-05-22 04:00:00,48214.59167377528,0.0
2018-05-22 08:00:00,48214.59167377528,0.0
2018-05-22 12:00:00,48214.59167377528,0.0
2018-05-22 16:00:00,48214.59167377528,0.0
2018-05-22 20:00:00,48214.59167377528,0.0
2018-05-23 00:00:00,48214.59167377528,0.0
2018-05-23 04:00:00,48214.59167377528,0.0
2018-05-23 08:00:00,48214.59167377528,0.0
2018-05-23 12:00:00,48214.59167377528,0.0
2018-05-23 16:00:00,48214.59167377528,0.0
2018-05-23 20:00:00,48214.59167377528,0.0
2018-05-24 00:00:00,48214.59167377528,0.0
2018-05-24 04:00:00,48214.59167377528,0.0
2018-05-24 08:00:00,48214.59167377528,0.0
2018-05-24 12:00:00,48214.59167377528,0.0
2018-05-24 16:00:00,48214.59167377528,0.0
2018-05-24 20:00:00,48214.59167377528,0.0
2018-05-25 00:00:00,48214.59167377528,0.0
2018-05-25 04:00:00,48214.59167377528,0.0
2018-05-25 08:00:00,48214.59167377528,0.0
2018-05-25 12:00:00,48214.59167377528,0.0
2018-05-25 16:00:00,48214.59167377528,0.0
2018-05-25 20:00:00,48214.59167377528,0.0
2018-05-26 00:00:00,48214.59167377528,0.0
2018-05-26 04:00:00,48214.59167377528,0.0
2018-05-26 08:00:00,48214.59167377528,0.0
2018-05-26 12:00:00,48214.59167377528,0.0
2018-05-26 16:00:00,48214.59167377528,0.0
2018-05-26 20:00:00,48214.59167377528,0.0
2018-05-27 00:00:00,48214.59167377528,0.0
2018-05-27 04:00:00,48214.59167377528,0.0
2018-05-27 08:00:00,48214.59167377528,0.0
2018-05-27 12:00:00,48214.59167377528,0.0
2018-05-27 16:00:00,48214.59167377528,0.0
2018-05-27 20:00:00,48214.59167377528,0.0
2018-05-28 00:00:00,48214.59167377528,0.0
2018-05-28 04:00:00,48214.59167377528,0.0
2018-05-28 08:00:00,48214.59167377528,0.0
2018-05-28 12:00:00,48214.59167377528,0.0
2018-05-28 16:00:00,48214.59167377528,0.0
2018-05-28 20:00:00,48214.59167377528,0.0
2018-05-29 00:00:00,48214.59167377528,0.0
2018-05-29 04:00:00,48214.59167377528,0.0
2018-05-29 08:00:00,48214.59167377528,0.0
2018-05-29 12:00:00,48214.59167377528,0.0
2018-05-29 16:00:00,48214.59167377528,0.0
2018-05-29 20:00:00,48214.59167377528,0.0
2018-05-30 00:00:00,48214.59167377528,0.0
2018-05-30 04:00:00,48210.93919690937,-7.575459501185655e-05
2018-05-30 08:00:00,48210.93919690937,0.0
2018-05-30 12:00:00,48210.93919690937,0.0
2018-05-30 16:00:00,48210.93919690937,0.0
2018-05-30 20:00:00,48210.93919690937,0.0
2018-05-31 00:00:00,48210.93919690937,0.0
2018-05-31 04:00:00,48210.93919690937,0.0
2018-05-31 08:00:00,48210.93919690937,0.0
2018-05-31 12:00:00,48210.93919690937,0.0
2018-05-31 16:00:00,48210.93919690937,0.0
2018-05-31 20:00:00,48210.93919690937,0.0
2018-06-01 00:00:00,48210.93919690937,0.0
2018-06-01 04:00:00,48210.93919690937,0.0
2018-06-01 08:00:00,48210.93919690937,0.0
2018-06-01 12:00:00,48210.93919690937,0.0
2018-06-01 16:00:00,48210.93919690937,0.0
2018-06-01 20:00:00,48210.93919690937,0.0
2018-06-02 00:00:00,48210.93919690937,0.0
2018-06-02 04:00:00,48210.93919690937,0.0
2018-06-02 08:00:00,48210.93919690937,0.0
2018-06-02 12:00:00,48210.93919690937,0.0
2018-06-02 16:00:00,48210.93919690937,0.0
2018-06-02 20:00:00,48210.93919690937,0.0
2018-06-03 00:00:00,48210.93919690937,0.0
2018-06-03 04:00:00,48210.93919690937,0.0
2018-06-03 08:00:00,48210.93919690937,0.0
2018-06-03 12:00:00,48210.93919690937,0.0
2018-06-03 16:00:00,48210.93919690937,0.0
2018-06-03 20:00:00,48210.93919690937,0.0
2018-06-04 00:00:00,48210.93919690937,0.0
2018-06-04 04:00:00,48210.93919690937,0.0
2018-06-04 08:00:00,48241.77146650494,0.0006395284993234718
2018-06-04 12:00:00,48241.77146650494,0.0
2018-06-04 16:00:00,48241.77146650494,0.0
2018-06-04 20:00:00,48241.77146650494,0.0
2018-06-05 00:00:00,48241.77146650494,0.0
2018-06-05 04:00:00,48241.77146650494,0.0
2018-06-05 08:00:00,48241.77146650494,0.0
2018-06-05 12:00:00,48241.77146650494,0.0
2018-06-05 16:00:00,48241.77146650494,0.0
2018-06-05 20:00:00,48241.77146650494,0.0
2018-06-06 00:00:00,48241.77146650494,0.0
2018-06-06 04:00:00,48241.77146650494,0.0
2018-06-06 08:00:00,48241.77146650494,0.0
2018-06-06 12:00:00,48241.77146650494,0.0
2018-06-06 16:00:00,48241.77146650494,0.0
2018-06-06 20:00:00,48241.77146650494,0.0
2018-06-07 00:00:00,48241.77146650494,0.0
2018-06-07 04:00:00,48241.77146650494,0.0
2018-06-07 08:00:00,48241.77146650494,0.0
2018-06-07 12:00:00,48241.77146650494,0.0
2018-06-07 16:00:00,48241.77146650494,0.0
2018-06-07 20:00:00,48241.77146650494,0.0
2018-06-08 00:00:00,48241.77146650494,0.0
2018-06-08 04:00:00,48241.77146650494,0.0
2018-06-08 08:00:00,48241.77146650494,0.0
2018-06-08 12:00:00,48241.77146650494,0.0
2018-06-08 16:00:00,48241.77146650494,0.0
2018-06-08 20:00:00,48241.77146650494,0.0
2018-06-09 00:00:00,48241.77146650494,0.0
2018-06-09 04:00:00,48241.77146650494,0.0
2018-06-09 08:00:00,48241.77146650494,0.0
2018-06-09 12:00:00,48241.77146650494,0.0
2018-06-09 16:00:00,48241.77146650494,0.0
2018-06-09 20:00:00,48241.77146650494,0.0
2018-06-10 00:00:00,48241.77146650494,0.0
2018-06-10 04:00:00,48229.875810389065,-0.0002465841480165931
2018-06-10 08:00:00,47976.91602225506,-0.005244877451654362
2018-06-10 12:00:00,47976.91602225506,0.0
2018-06-10 16:00:00,47976.91602225506,0.0
2018-06-10 20:00:00,47976.91602225506,0.0
2018-06-11 00:00:00,47976.91602225506,0.0
2018-06-11 04:00:00,47976.91602225506,0.0
2018-06-11 08:00:00,47976.91602225506,0.0
2018-06-11 12:00:00,47976.91602225506,0.0
2018-06-11 16:00:00,47976.91602225506,0.0
2018-06-11 20:00:00,47976.91602225506,0.0
2018-06-12 00:00:00,47976.91602225506,0.0
2018-06-12 04:00:00,47976.91602225506,0.0
2018-06-12 08:00:00,47976.91602225506,0.0
2018-06-12 12:00:00,47976.91602225506,0.0
2018-06-12 16:00:00,47976.91602225506,0.0
2018-06-12 20:00:00,47976.91602225506,0.0
2018-06-13 00:00:00,47976.91602225506,0.0
2018-06-13 04:00:00,47976.91602225506,0.0
2018-06-13 08:00:00,47976.91602225506,0.0
2018-06-13 12:00:00,47976.91602225506,0.0
2018-06-13 16:00:00,47976.91602225506,0.0
2018-06-13 20:00:00,47976.91602225506,0.0
2018-06-14 00:00:00,47976.91602225506,0.0
2018-06-14 04:00:00,47976.91602225506,0.0
2018-06-14 08:00:00,47976.91602225506,0.0
2018-06-14 12:00:00,47976.91602225506,0.0
2018-06-14 16:00:00,47976.91602225506,0.0
2018-06-14 20:00:00,47976.91602225506,0.0
2018-06-15 00:00:00,47976.91602225506,0.0
2018-06-15 04:00:00,47976.91602225506,0.0
2018-06-15 08:00:00,47976.91602225506,0.0
2018-06-15 12:00:00,47976.91602225506,0.0
2018-06-15 16:00:00,47976.91602225506,0.0
2018-06-15 20:00:00,47976.91602225506,0.0
2018-06-16 00:00:00,47976.91602225506,0.0
2018-06-16 04:00:00,47976.91602225506,0.0
2018-06-16 08:00:00,47976.91602225506,0.0
2018-06-16 12:00:00,47976.91602225506,0.0
2018-06-16 16:00:00,47976.91602225506,0.0
2018-06-16 20:00:00,47976.91602225506,0.0
2018-06-17 00:00:00,47976.91602225506,0.0
2018-06-17 04:00:00,47976.91602225506,0.0
2018-06-17 08:00:00,47976.91602225506,0.0
2018-06-17 12:00:00,47976.91602225506,0.0
2018-06-17 16:00:00,47976.91602225506,0.0
2018-06-17 20:00:00,47976.91602225506,0.0
2018-06-18 00:00:00,47976.91602225506,0.0
2018-06-18 04:00:00,47976.91602225506,0.0
2018-06-18 08:00:00,47976.91602225506,0.0
2018-06-18 12:00:00,47976.91602225506,0.0
2018-06-18 16:00:00,47976.91602225506,0.0
2018-06-18 20:00:00,47976.91602225506,0.0
2018-06-19 00:00:00,47972.14134424596,-9.952031945714701e-05
2018-06-19 04:00:00,47972.14134424596,0.0
2018-06-19 08:00:00,47972.14134424596,0.0
2018-06-19 12:00:00,47972.14134424596,0.0
2018-06-19 16:00:00,47972.14134424596,0.0
2018-06-19 20:00:00,47972.14134424596,0.0
2018-06-20 00:00:00,47972.14134424596,0.0
2018-06-20 04:00:00,47972.14134424596,0.0
2018-06-20 08:00:00,47972.14134424596,0.0
2018-06-20 12:00:00,47972.14134424596,0.0
2018-06-20 16:00:00,47972.14134424596,0.0
2018-06-20 20:00:00,47972.14134424596,0.0
2018-06-21 00:00:00,47972.14134424596,0.0
2018-06-21 04:00:00,47972.14134424596,0.0
2018-06-21 08:00:00,47972.14134424596,0.0
2018-06-21 12:00:00,47972.14134424596,0.0
2018-06-21 16:00:00,47972.14134424596,0.0
2018-06-21 20:00:00,47972.14134424596,0.0
2018-06-22 00:00:00,47972.14134424596,0.0
2018-06-22 04:00:00,47848.89422151655,-0.0025691394896256714
2018-06-22 08:00:00,47838.70744888371,-0.00021289463003437703
2018-06-22 12:00:00,47579.66386955032,-0.005414936839800322
2018-06-22 16:00:00,47332.10365677482,-0.005203067710907616
2018-06-22 20:00:00,47332.10365677482,0.0
2018-06-23 00:00:00,47332.10365677482,0.0
2018-06-23 04:00:00,47332.10365677482,0.0
2018-06-23 08:00:00,47332.10365677482,0.0
2018-06-23 12:00:00,47332.10365677482,0.0
2018-06-23 16:00:00,47332.10365677482,0.0
2018-06-23 20:00:00,47332.10365677482,0.0
2018-06-24 00:00:00,47332.10365677482,0.0
2018-06-24 04:00:00,47332.10365677482,0.0
2018-06-24 08:00:00,47332.10365677482,0.0
2018-06-24 12:00:00,47332.10365677482,0.0
2018-06-24 16:00:00,47332.10365677482,0.0
2018-06-24 20:00:00,47332.10365677482,0.0
2018-06-25 00:00:00,47332.10365677482,0.0
2018-06-25 04:00:00,47332.10365677482,0.0
2018-06-25 08:00:00,47332.10365677482,0.0
2018-06-25 12:00:00,47332.10365677482,0.0
2018-06-25 16:00:00,47332.10365677482,0.0
2018-06-25 20:00:00,47332.10365677482,0.0
2018-06-26 00:00:00,47332.10365677482,0.0
2018-06-26 04:00:00,47332.10365677482,0.0
2018-06-26 08:00:00,47332.10365677482,0.0
2018-06-26 12:00:00,47332.10365677482,0.0
2018-06-26 16:00:00,47332.10365677482,0.0
2018-06-26 20:00:00,47332.10365677482,0.0
2018-06-27 00:00:00,47332.10365677482,0.0
2018-06-27 04:00:00,47332.10365677482,0.0
2018-06-27 08:00:00,47332.10365677482,0.0
2018-06-27 12:00:00,47332.10365677482,0.0
2018-06-27 16:00:00,47332.10365677482,0.0
2018-06-27 20:00:00,47332.10365677482,0.0
2018-06-28 00:00:00,47332.10365677482,0.0
2018-06-28 04:00:00,47332.10365677482,0.0
2018-06-28 08:00:00,47332.10365677482,0.0
2018-06-28 12:00:00,47332.10365677482,0.0
2018-06-28 16:00:00,47332.10365677482,0.0
2018-06-28 20:00:00,47332.10365677482,0.0
2018-06-29 00:00:00,47332.10365677482,0.0
2018-06-29 04:00:00,47332.10365677482,0.0
2018-06-29 08:00:00,47332.10365677482,0.0
2018-06-29 12:00:00,47332.10365677482,0.0
2018-06-29 16:00:00,47332.10365677482,0.0
2018-06-29 20:00:00,47332.10365677482,0.0
2018-06-30 00:00:00,47332.10365677482,0.0
2018-06-30 04:00:00,47332.10365677482,0.0
2018-06-30 08:00:00,47328.66212187388,-7.27103727714562e-05
2018-06-30 12:00:00,47328.66212187388,0.0
2018-06-30 16:00:00,47328.66212187388,0.0
2018-06-30 20:00:00,47328.66212187388,0.0
2018-07-01 00:00:00,47328.66212187388,0.0
2018-07-01 04:00:00,47328.66212187388,0.0
2018-07-01 08:00:00,47328.66212187388,0.0
2018-07-01 12:00:00,47328.66212187388,0.0
2018-07-01 16:00:00,47328.66212187388,0.0
2018-07-01 20:00:00,47328.66212187388,0.0
2018-07-02 00:00:00,47328.66212187388,0.0
2018-07-02 04:00:00,47328.66212187388,0.0
2018-07-02 08:00:00,47328.66212187388,0.0
2018-07-02 12:00:00,47328.66212187388,0.0
2018-07-02 16:00:00,47328.66212187388,0.0
2018-07-02 20:00:00,47328.66212187388,0.0
2018-07-03 00:00:00,47328.66212187388,0.0
2018-07-03 04:00:00,47328.66212187388,0.0
2018-07-03 08:00:00,47328.66212187388,0.0
2018-07-03 12:00:00,47328.66212187388,0.0
2018-07-03 16:00:00,47328.66212187388,0.0
2018-07-03 20:00:00,47328.66212187388,0.0
2018-07-04 00:00:00,47354.70299340344,0.0005502135569035449
2018-07-04 04:00:00,47354.70299340344,0.0
2018-07-04 08:00:00,47354.70299340344,0.0
2018-07-04 12:00:00,47354.70299340344,0.0
2018-07-04 16:00:00,47354.70299340344,0.0
2018-07-04 20:00:00,47354.70299340344,0.0
2018-07-05 00:00:00,47354.70299340344,0.0
2018-07-05 04:00:00,47354.70299340344,0.0
2018-07-05 08:00:00,47354.70299340344,0.0
2018-07-05 12:00:00,47354.70299340344,0.0
2018-07-05 16:00:00,47354.70299340344,0.0
2018-07-05 20:00:00,47354.70299340344,0.0
2018-07-06 00:00:00,47354.70299340344,0.0
2018-07-06 04:00:00,47271.98864878482,-0.001746697569408151
2018-07-06 08:00:00,47271.98864878482,0.0
2018-07-06 12:00:00,47271.98864878482,0.0
2018-07-06 16:00:00,47271.98864878482,0.0
2018-07-06 20:00:00,47271.98864878482,0.0
2018-07-07 00:00:00,47271.98864878482,0.0
2018-07-07 04:00:00,47271.98864878482,0.0
2018-07-07 08:00:00,47271.98864878482,0.0
2018-07-07 12:00:00,47271.98864878482,0.0
2018-07-07 16:00:00,47271.98864878482,0.0
2018-07-07 20:00:00,47271.98864878482,0.0
2018-07-08 00:00:00,47262.15855494248,-0.0002079475419444199
2018-07-08 04:00:00,47262.15855494248,0.0
2018-07-08 08:00:00,47305.45428670915,0.0009160760551454317
2018-07-08 12:00:00,47305.45428670915,0.0
2018-07-08 16:00:00,47305.45428670915,0.0
2018-07-08 20:00:00,47305.45428670915,0.0
2018-07-09 00:00:00,47305.45428670915,0.0
2018-07-09 04:00:00,47305.45428670915,0.0
2018-07-09 08:00:00,47305.45428670915,0.0
2018-07-09 12:00:00,47305.45428670915,0.0
2018-07-09 16:00:00,47305.45428670915,0.0
2018-07-09 20:00:00,47305.45428670915,0.0
2018-07-10 00:00:00,47305.45428670915,0.0
2018-07-10 04:00:00,47375.10595874909,0.001472381421765645
2018-07-10 08:00:00,47375.10595874909,0.0
2018-07-10 12:00:00,47375.10595874909,0.0
2018-07-10 16:00:00,47375.10595874909,0.0
2018-07-10 20:00:00,47375.10595874909,0.0
2018-07-11 00:00:00,47375.10595874909,0.0
2018-07-11 04:00:00,47375.10595874909,0.0
2018-07-11 08:00:00,47375.10595874909,0.0
2018-07-11 12:00:00,47375.10595874909,0.0
2018-07-11 16:00:00,47375.10595874909,0.0
2018-07-11 20:00:00,47375.10595874909,0.0
2018-07-12 00:00:00,47375.10595874909,0.0
2018-07-12 04:00:00,47375.10595874909,0.0
2018-07-12 08:00:00,47375.10595874909,0.0
2018-07-12 12:00:00,47375.10595874909,0.0
2018-07-12 16:00:00,47375.10595874909,0.0
2018-07-12 20:00:00,47375.10595874909,0.0
2018-07-13 00:00:00,47375.10595874909,0.0
2018-07-13 04:00:00,47375.10595874909,0.0
2018-07-13 08:00:00,47375.10595874909,0.0
2018-07-13 12:00:00,47375.10595874909,0.0
2018-07-13 16:00:00,47375.10595874909,0.0
2018-07-13 20:00:00,47375.10595874909,0.0
2018-07-14 00:00:00,47375.10595874909,0.0
2018-07-14 04:00:00,47375.10595874909,0.0
2018-07-14 08:00:00,47375.10595874909,0.0
2018-07-14 12:00:00,47375.10595874909,0.0
2018-07-14 16:00:00,47375.10595874909,0.0
2018-07-14 20:00:00,47375.10595874909,0.0
2018-07-15 00:00:00,47375.10595874909,0.0
2018-07-15 04:00:00,47375.10595874909,0.0
2018-07-15 08:00:00,47375.10595874909,0.0
2018-07-15 12:00:00,47375.10595874909,0.0
2018-07-15 16:00:00,47369.302281065975,-0.00012250479583453266
2018-07-15 20:00:00,47369.302281065975,0.0
2018-07-16 00:00:00,47369.302281065975,0.0
2018-07-16 04:00:00,47369.302281065975,0.0
2018-07-16 08:00:00,47369.302281065975,0.0
2018-07-16 12:00:00,47369.302281065975,0.0
2018-07-16 16:00:00,47369.302281065975,0.0
2018-07-16 20:00:00,47369.302281065975,0.0
2018-07-17 00:00:00,47369.302281065975,0.0
2018-07-17 04:00:00,47369.302281065975,0.0
2018-07-17 08:00:00,47369.302281065975,0.0
2018-07-17 12:00:00,47369.302281065975,0.0
2018-07-17 16:00:00,47369.302281065975,0.0
2018-07-17 20:00:00,47369.302281065975,0.0
2018-07-18 00:00:00,47369.302281065975,0.0
2018-07-18 04:00:00,47369.302281065975,0.0
2018-07-18 08:00:00,47369.302281065975,0.0
2018-07-18 12:00:00,47369.302281065975,0.0
2018-07-18 16:00:00,47369.302281065975,0.0
2018-07-18 20:00:00,47369.302281065975,0.0
2018-07-19 00:00:00,47369.302281065975,0.0
2018-07-19 04:00:00,47369.302281065975,0.0
2018-07-19 08:00:00,47369.302281065975,0.0
2018-07-19 12:00:00,47369.302281065975,0.0
2018-07-19 16:00:00,47369.302281065975,0.0
2018-07-19 20:00:00,47369.302281065975,0.0
2018-07-20 00:00:00,47369.302281065975,0.0
2018-07-20 04:00:00,47369.302281065975,0.0
2018-07-20 08:00:00,47369.302281065975,0.0
2018-07-20 12:00:00,47369.302281065975,0.0
2018-07-20 16:00:00,47369.302281065975,0.0
2018-07-20 20:00:00,47369.302281065975,0.0
2018-07-21 00:00:00,48662.37687352372,0.027297733557173354
2018-07-21 04:00:00,48662.37687352372,0.0
2018-07-21 08:00:00,48662.37687352372,0.0
2018-07-21 12:00:00,48662.37687352372,0.0
2018-07-21 16:00:00,48662.37687352372,0.0
2018-07-21 20:00:00,48662.37687352372,0.0
2018-07-22 00:00:00,48662.37687352372,0.0
2018-07-22 04:00:00,48662.37687352372,0.0
2018-07-22 08:00:00,48662.37687352372,0.0
2018-07-22 12:00:00,48662.37687352372,0.0
2018-07-22 16:00:00,48662.37687352372,0.0
2018-07-22 20:00:00,48662.37687352372,0.0
2018-07-23 00:00:00,48662.37687352372,0.0
2018-07-23 04:00:00,48662.37687352372,0.0
2018-07-23 08:00:00,48662.37687352372,0.0
2018-07-23 12:00:00,48662.37687352372,0.0
2018-07-23 16:00:00,48662.37687352372,0.0
2018-07-23 20:00:00,48662.37687352372,0.0
2018-07-24 00:00:00,48662.37687352372,0.0
2018-07-24 04:00:00,48662.37687352372,0.0
2018-07-24 08:00:00,48662.37687352372,0.0
2018-07-24 12:00:00,48662.37687352372,0.0
2018-07-24 16:00:00,48662.37687352372,0.0
2018-07-24 20:00:00,48662.37687352372,0.0
2018-07-25 00:00:00,48662.37687352372,0.0
2018-07-25 04:00:00,48662.37687352372,0.0
2018-07-25 08:00:00,48662.37687352372,0.0
2018-07-25 12:00:00,48662.37687352372,0.0
2018-07-25 16:00:00,48662.37687352372,0.0
2018-07-25 20:00:00,48662.37687352372,0.0
2018-07-26 00:00:00,48662.37687352372,0.0
2018-07-26 04:00:00,48662.37687352372,0.0
2018-07-26 08:00:00,48662.37687352372,0.0
2018-07-26 12:00:00,48662.37687352372,0.0
2018-07-26 16:00:00,48662.37687352372,0.0
2018-07-26 20:00:00,49230.582737592835,0.011676492201478705
2018-07-27 00:00:00,48977.190796383045,-0.005147043303558085
2018-07-27 04:00:00,48977.190796383045,0.0
2018-07-27 08:00:00,48977.190796383045,0.0
2018-07-27 12:00:00,48977.190796383045,0.0
2018-07-27 16:00:00,48977.190796383045,0.0
2018-07-27 20:00:00,48977.190796383045,0.0
2018-07-28 00:00:00,48949.82098606252,-0.0005588276884705978
2018-07-28 04:00:00,48949.82098606252,0.0
2018-07-28 08:00:00,48949.82098606252,0.0
2018-07-28 12:00:00,48949.82098606252,0.0
2018-07-28 16:00:00,48949.82098606252,0.0
2018-07-28 20:00:00,48949.82098606252,0.0
2018-07-29 00:00:00,48949.82098606252,0.0
2018-07-29 04:00:00,48949.82098606252,0.0
2018-07-29 08:00:00,48949.82098606252,0.0
2018-07-29 12:00:00,48949.82098606252,0.0
2018-07-29 16:00:00,48949.82098606252,0.0
2018-07-29 20:00:00,48949.82098606252,0.0
2018-07-30 00:00:00,48949.82098606252,0.0
2018-07-30 04:00:00,48949.82098606252,0.0
2018-07-30 08:00:00,48949.82098606252,0.0
2018-07-30 12:00:00,48949.82098606252,0.0
2018-07-30 16:00:00,48772.325373496635,-0.0036260727616639343
2018-07-30 20:00:00,48772.325373496635,0.0
2018-07-31 00:00:00,48772.325373496635,0.0
2018-07-31 04:00:00,48772.325373496635,0.0
2018-07-31 08:00:00,48551.39185996627,-0.004529895013995366
2018-07-31 12:00:00,48298.27362722892,-0.005213408370812633
2018-07-31 16:00:00,48298.27362722892,0.0
2018-07-31 20:00:00,48298.27362722892,0.0
2018-08-01 00:00:00,48298.27362722892,0.0
2018-08-01 04:00:00,48298.27362722892,0.0
2018-08-01 08:00:00,48298.27362722892,0.0
2018-08-01 12:00:00,48298.27362722892,0.0
2018-08-01 16:00:00,48298.27362722892,0.0
2018-08-01 20:00:00,48298.27362722892,0.0
2018-08-02 00:00:00,48426.82430603254,0.00266159986992065
2018-08-02 04:00:00,48426.82430603254,0.0
2018-08-02 08:00:00,48426.82430603254,0.0
2018-08-02 12:00:00,48426.82430603254,0.0
2018-08-02 16:00:00,48426.82430603254,0.0
2018-08-02 20:00:00,48426.82430603254,0.0
2018-08-03 00:00:00,48426.82430603254,0.0
2018-08-03 04:00:00,48426.82430603254,0.0
2018-08-03 08:00:00,48426.82430603254,0.0
2018-08-03 12:00:00,48426.82430603254,0.0
2018-08-03 16:00:00,48426.82430603254,0.0
2018-08-03 20:00:00,48426.82430603254,0.0
2018-08-04 00:00:00,48426.82430603254,0.0
2018-08-04 04:00:00,48426.82430603254,0.0
2018-08-04 08:00:00,48426.82430603254,0.0
2018-08-04 12:00:00,48426.82430603254,0.0
2018-08-04 16:00:00,48426.82430603254,0.0
2018-08-04 20:00:00,48426.82430603254,0.0
2018-08-05 00:00:00,48426.82430603254,0.0
2018-08-05 04:00:00,48426.82430603254,0.0
2018-08-05 08:00:00,48426.82430603254,0.0
2018-08-05 12:00:00,48426.82430603254,0.0
2018-08-05 16:00:00,48426.82430603254,0.0
2018-08-05 20:00:00,48426.82430603254,0.0
2018-08-06 00:00:00,48426.82430603254,0.0
2018-08-06 04:00:00,48426.82430603254,0.0
2018-08-06 08:00:00,48426.82430603254,0.0
2018-08-06 12:00:00,48426.82430603254,0.0
2018-08-06 16:00:00,48426.82430603254,0.0
2018-08-06 20:00:00,48426.82430603254,0.0
2018-08-07 00:00:00,48426.82430603254,0.0
2018-08-07 04:00:00,48426.82430603254,0.0
2018-08-07 08:00:00,48426.82430603254,0.0
2018-08-07 12:00:00,48426.82430603254,0.0
2018-08-07 16:00:00,48426.82430603254,0.0
2018-08-07 20:00:00,48426.82430603254,0.0
2018-08-08 00:00:00,48426.82430603254,0.0
2018-08-08 04:00:00,48426.82430603254,0.0
2018-08-08 08:00:00,48426.82430603254,0.0
2018-08-08 12:00:00,48426.82430603254,0.0
2018-08-08 16:00:00,48426.82430603254,0.0
2018-08-08 20:00:00,48426.82430603254,0.0
2018-08-09 00:00:00,48426.82430603254,0.0
2018-08-09 04:00:00,48426.82430603254,0.0
2018-08-09 08:00:00,48426.82430603254,0.0
2018-08-09 12:00:00,48426.82430603254,0.0
2018-08-09 16:00:00,48426.82430603254,0.0
2018-08-09 20:00:00,48426.82430603254,0.0
2018-08-10 00:00:00,48426.82430603254,0.0
2018-08-10 04:00:00,48426.82430603254,0.0
2018-08-10 08:00:00,48426.82430603254,0.0
2018-08-10 12:00:00,48426.82430603254,0.0
2018-08-10 16:00:00,48426.82430603254,0.0
2018-08-10 20:00:00,48426.82430603254,0.0
2018-08-11 00:00:00,48426.82430603254,0.0
2018-08-11 04:00:00,48426.82430603254,0.0
2018-08-11 08:00:00,48426.82430603254,0.0
2018-08-11 12:00:00,48426.82430603254,0.0
2018-08-11 16:00:00,48426.82430603254,0.0
2018-08-11 20:00:00,48426.82430603254,0.0
2018-08-12 00:00:00,48426.82430603254,0.0
2018-08-12 04:00:00,48426.82430603254,0.0
2018-08-12 08:00:00,48426.82430603254,0.0
2018-08-12 12:00:00,48426.82430603254,0.0
2018-08-12 16:00:00,48426.82430603254,0.0
2018-08-12 20:00:00,48426.82430603254,0.0
2018-08-13 00:00:00,48426.82430603254,0.0
2018-08-13 04:00:00,48426.82430603254,0.0
2018-08-13 08:00:00,48426.82430603254,0.0
2018-08-13 12:00:00,48426.82430603254,0.0
2018-08-13 16:00:00,48426.82430603254,0.0
2018-08-13 20:00:00,48426.82430603254,0.0
2018-08-14 00:00:00,48426.82430603254,0.0
2018-08-14 04:00:00,48421.94183650587,-0.00010082159209567898
2018-08-14 08:00:00,48421.94183650587,0.0
2018-08-14 12:00:00,48458.4243162739,0.0007534286809731672
2018-08-14 16:00:00,48458.4243162739,0.0
2018-08-14 20:00:00,48458.4243162739,0.0
2018-08-15 00:00:00,48458.4243162739,0.0
2018-08-15 04:00:00,48458.4243162739,0.0
2018-08-15 08:00:00,48458.4243162739,0.0
2018-08-15 12:00:00,48458.4243162739,0.0
2018-08-15 16:00:00,48458.4243162739,0.0
2018-08-15 20:00:00,48458.4243162739,0.0
2018-08-16 00:00:00,48458.4243162739,0.0
2018-08-16 04:00:00,48458.4243162739,0.0
2018-08-16 08:00:00,48458.4243162739,0.0
2018-08-16 12:00:00,48458.4243162739,0.0
2018-08-16 16:00:00,48458.4243162739,0.0
2018-08-16 20:00:00,48458.4243162739,0.0
2018-08-17 00:00:00,48458.4243162739,0.0
2018-08-17 04:00:00,48458.4243162739,0.0
2018-08-17 08:00:00,48458.4243162739,0.0
2018-08-17 12:00:00,48458.4243162739,0.0
2018-08-17 16:00:00,48458.4243162739,0.0
2018-08-17 20:00:00,48458.4243162739,0.0
2018-08-18 00:00:00,48458.4243162739,0.0
2018-08-18 04:00:00,48458.4243162739,0.0
2018-08-18 08:00:00,48458.4243162739,0.0
2018-08-18 12:00:00,48458.4243162739,0.0
2018-08-18 16:00:00,48458.4243162739,0.0
2018-08-18 20:00:00,48458.4243162739,0.0
2018-08-19 00:00:00,48458.4243162739,0.0
2018-08-19 04:00:00,48458.4243162739,0.0
2018-08-19 08:00:00,48458.4243162739,0.0
2018-08-19 12:00:00,48458.4243162739,0.0
2018-08-19 16:00:00,48458.4243162739,0.0
2018-08-19 20:00:00,48458.4243162739,0.0
2018-08-20 00:00:00,48458.4243162739,0.0
2018-08-20 04:00:00,48458.4243162739,0.0
2018-08-20 08:00:00,48458.4243162739,0.0
2018-08-20 12:00:00,48458.4243162739,0.0
2018-08-20 16:00:00,48458.4243162739,0.0
2018-08-20 20:00:00,48458.4243162739,0.0
2018-08-21 00:00:00,48458.4243162739,0.0
2018-08-21 04:00:00,48458.4243162739,0.0
2018-08-21 08:00:00,48458.4243162739,0.0
2018-08-21 12:00:00,48458.4243162739,0.0
2018-08-21 16:00:00,48458.4243162739,0.0
2018-08-21 20:00:00,48458.4243162739,0.0
2018-08-22 00:00:00,48458.4243162739,0.0
2018-08-22 04:00:00,48458.4243162739,0.0
2018-08-22 08:00:00,48458.4243162739,0.0
2018-08-22 12:00:00,48458.4243162739,0.0
2018-08-22 16:00:00,48458.4243162739,0.0
2018-08-22 20:00:00,48458.4243162739,0.0
2018-08-23 00:00:00,48458.4243162739,0.0
2018-08-23 04:00:00,48458.4243162739,0.0
2018-08-23 08:00:00,48458.4243162739,0.0
2018-08-23 12:00:00,48458.4243162739,0.0
2018-08-23 16:00:00,48458.4243162739,0.0
2018-08-23 20:00:00,48458.4243162739,0.0
2018-08-24 00:00:00,48458.4243162739,0.0
2018-08-24 04:00:00,48458.4243162739,0.0
2018-08-24 08:00:00,48458.4243162739,0.0
2018-08-24 12:00:00,48458.4243162739,0.0
2018-08-24 16:00:00,48458.4243162739,0.0
2018-08-24 20:00:00,48458.4243162739,0.0
2018-08-25 00:00:00,48458.4243162739,0.0
2018-08-25 04:00:00,48458.4243162739,0.0
2018-08-25 08:00:00,48458.4243162739,0.0
2018-08-25 12:00:00,48458.4243162739,0.0
2018-08-25 16:00:00,48458.4243162739,0.0
2018-08-25 20:00:00,48458.4243162739,0.0
2018-08-26 00:00:00,48458.4243162739,0.0
2018-08-26 04:00:00,48458.4243162739,0.0
2018-08-26 08:00:00,48458.4243162739,0.0
2018-08-26 12:00:00,48458.4243162739,0.0
2018-08-26 16:00:00,48458.4243162739,0.0
2018-08-26 20:00:00,48458.4243162739,0.0
2018-08-27 00:00:00,48458.4243162739,0.0
2018-08-27 04:00:00,48458.4243162739,0.0
2018-08-27 08:00:00,48458.4243162739,0.0
2018-08-27 12:00:00,48458.4243162739,0.0
2018-08-27 16:00:00,48458.4243162739,0.0
2018-08-27 20:00:00,48458.4243162739,0.0
2018-08-28 00:00:00,48458.4243162739,0.0
2018-08-28 04:00:00,48458.4243162739,0.0
2018-08-28 08:00:00,48458.4243162739,0.0
2018-08-28 12:00:00,48458.4243162739,0.0
2018-08-28 16:00:00,48452.56049061969,-0.00012100735294118259
2018-08-28 20:00:00,48452.56049061969,0.0
2018-08-29 00:00:00,48452.56049061969,0.0
2018-08-29 04:00:00,48452.56049061969,0.0
2018-08-29 08:00:00,48452.56049061969,0.0
2018-08-29 12:00:00,48235.35376928301,-0.004482873952115107
2018-08-29 16:00:00,48235.35376928301,0.0
2018-08-29 20:00:00,48235.35376928301,0.0
2018-08-30 00:00:00,48235.35376928301,0.0
2018-08-30 04:00:00,48235.35376928301,0.0
2018-08-30 08:00:00,47983.95612743158,-0.005211895885617435
2018-08-30 12:00:00,47983.95612743158,0.0
2018-08-30 16:00:00,47983.95612743158,0.0
2018-08-30 20:00:00,47983.95612743158,0.0
2018-08-31 00:00:00,47983.95612743158,0.0
2018-08-31 04:00:00,47983.95612743158,0.0
2018-08-31 08:00:00,47983.95612743158,0.0
2018-08-31 12:00:00,47983.95612743158,0.0
2018-08-31 16:00:00,47983.95612743158,0.0
2018-08-31 20:00:00,47983.95612743158,0.0
2018-09-01 00:00:00,47983.95612743158,0.0
2018-09-01 04:00:00,47983.95612743158,0.0
2018-09-01 08:00:00,47983.95612743158,0.0
2018-09-01 12:00:00,47983.95612743158,0.0
2018-09-01 16:00:00,47983.95612743158,0.0
2018-09-01 20:00:00,47983.95612743158,0.0
2018-09-02 00:00:00,47983.95612743158,0.0
2018-09-02 04:00:00,47983.95612743158,0.0
2018-09-02 08:00:00,47983.95612743158,0.0
2018-09-02 12:00:00,47983.95612743158,0.0
2018-09-02 16:00:00,47983.95612743158,0.0
2018-09-02 20:00:00,47983.95612743158,0.0
2018-09-03 00:00:00,47983.95612743158,0.0
2018-09-03 04:00:00,47983.95612743158,0.0
2018-09-03 08:00:00,47983.95612743158,0.0
2018-09-03 12:00:00,47983.95612743158,0.0
2018-09-03 16:00:00,47983.95612743158,0.0
2018-09-03 20:00:00,47983.95612743158,0.0
2018-09-04 00:00:00,47983.95612743158,0.0
2018-09-04 04:00:00,47983.95612743158,0.0
2018-09-04 08:00:00,47983.95612743158,0.0
2018-09-04 12:00:00,47983.95612743158,0.0
2018-09-04 16:00:00,47983.95612743158,0.0
2018-09-04 20:00:00,47983.95612743158,0.0
2018-09-05 00:00:00,47983.95612743158,0.0
2018-09-05 04:00:00,47983.95612743158,0.0
2018-09-05 08:00:00,48281.200436265965,0.006194660316148015
2018-09-05 12:00:00,48026.08400910691,-0.00528397025868943
2018-09-05 16:00:00,48021.62202668922,-9.29074795448237e-05
2018-09-05 20:00:00,48021.62202668922,0.0
2018-09-06 00:00:00,48021.62202668922,0.0
2018-09-06 04:00:00,48021.62202668922,0.0
2018-09-06 08:00:00,48021.62202668922,0.0
2018-09-06 12:00:00,48021.62202668922,0.0
2018-09-06 16:00:00,48021.62202668922,0.0
2018-09-06 20:00:00,48021.62202668922,0.0
2018-09-07 00:00:00,48021.62202668922,0.0
2018-09-07 04:00:00,48021.62202668922,0.0
2018-09-07 08:00:00,48021.62202668922,0.0
2018-09-07 12:00:00,48021.62202668922,0.0
2018-09-07 16:00:00,48021.62202668922,0.0
2018-09-07 20:00:00,48021.62202668922,0.0
2018-09-08 00:00:00,48021.62202668922,0.0
2018-09-08 04:00:00,48021.62202668922,0.0
2018-09-08 08:00:00,48021.62202668922,0.0
2018-09-08 12:00:00,48021.62202668922,0.0
2018-09-08 16:00:00,48021.62202668922,0.0
2018-09-08 20:00:00,48021.62202668922,0.0
2018-09-09 00:00:00,48021.62202668922,0.0
2018-09-09 04:00:00,48021.62202668922,0.0
2018-09-09 08:00:00,48799.05958357434,0.016189323143916967
2018-09-09 12:00:00,48799.05958357434,0.0
2018-09-09 16:00:00,48799.05958357434,0.0
2018-09-09 20:00:00,48799.05958357434,0.0
2018-09-10 00:00:00,48799.05958357434,0.0
2018-09-10 04:00:00,48799.05958357434,0.0
2018-09-10 08:00:00,48799.05958357434,0.0
2018-09-10 12:00:00,48799.05958357434,0.0
2018-09-10 16:00:00,48799.05958357434,0.0
2018-09-10 20:00:00,48799.05958357434,0.0
2018-09-11 00:00:00,48799.05958357434,0.0
2018-09-11 04:00:00,48799.05958357434,0.0
2018-09-11 08:00:00,48799.05958357434,0.0
2018-09-11 12:00:00,48799.05958357434,0.0
2018-09-11 16:00:00,48799.05958357434,0.0
2018-09-11 20:00:00,48799.05958357434,0.0
2018-09-12 00:00:00,48799.05958357434,0.0
2018-09-12 04:00:00,48799.05958357434,0.0
2018-09-12 08:00:00,48799.05958357434,0.0
2018-09-12 12:00:00,48799.05958357434,0.0
2018-09-12 16:00:00,48799.05958357434,0.0
2018-09-12 20:00:00,48799.05958357434,0.0
2018-09-13 00:00:00,48799.05958357434,0.0
2018-09-13 04:00:00,48799.05958357434,0.0
2018-09-13 08:00:00,48799.05958357434,0.0
2018-09-13 12:00:00,48793.72101286751,-0.00010939904892404151
2018-09-13 16:00:00,48793.72101286751,0.0
2018-09-13 20:00:00,48793.72101286751,0.0
2018-09-14 00:00:00,48793.72101286751,0.0
2018-09-14 04:00:00,48793.72101286751,0.0
2018-09-14 08:00:00,48793.72101286751,0.0
2018-09-14 12:00:00,48793.72101286751,0.0
2018-09-14 16:00:00,48793.72101286751,0.0
2018-09-14 20:00:00,48793.72101286751,0.0
2018-09-15 00:00:00,48793.72101286751,0.0
2018-09-15 04:00:00,48793.72101286751,0.0
2018-09-15 08:00:00,48793.72101286751,0.0
2018-09-15 12:00:00,48793.72101286751,0.0
2018-09-15 16:00:00,48793.72101286751,0.0
2018-09-15 20:00:00,48793.72101286751,0.0
2018-09-16 00:00:00,48793.72101286751,0.0
2018-09-16 04:00:00,48793.72101286751,0.0
2018-09-16 08:00:00,48793.72101286751,0.0
2018-09-16 12:00:00,48793.72101286751,0.0
2018-09-16 16:00:00,48793.72101286751,0.0
2018-09-16 20:00:00,48793.72101286751,0.0
2018-09-17 00:00:00,48793.72101286751,0.0
2018-09-17 04:00:00,48793.72101286751,0.0
2018-09-17 08:00:00,48793.72101286751,0.0
2018-09-17 12:00:00,48694.80908708541,-0.0020271445532104027
2018-09-17 16:00:00,48683.12763247629,-0.0002398911676237958
2018-09-17 20:00:00,48683.12763247629,0.0
2018-09-18 00:00:00,48683.12763247629,0.0
2018-09-18 04:00:00,48683.12763247629,0.0
2018-09-18 08:00:00,48747.52082067621,0.0013227003138756022
2018-09-18 12:00:00,48747.52082067621,0.0
2018-09-18 16:00:00,48747.52082067621,0.0
2018-09-18 20:00:00,48747.52082067621,0.0
2018-09-19 00:00:00,48747.52082067621,0.0
2018-09-19 04:00:00,48747.52082067621,0.0
2018-09-19 08:00:00,48747.52082067621,0.0
2018-09-19 12:00:00,48747.52082067621,0.0
2018-09-19 16:00:00,48747.52082067621,0.0
2018-09-19 20:00:00,48747.52082067621,0.0
2018-09-20 00:00:00,48747.52082067621,0.0
2018-09-20 04:00:00,48747.52082067621,0.0
2018-09-20 08:00:00,48747.52082067621,0.0
2018-09-20 12:00:00,48747.52082067621,0.0
2018-09-20 16:00:00,48747.52082067621,0.0
2018-09-20 20:00:00,48747.52082067621,0.0
2018-09-21 00:00:00,48747.52082067621,0.0
2018-09-21 04:00:00,48747.52082067621,0.0
2018-09-21 08:00:00,48747.52082067621,0.0
2018-09-21 12:00:00,48743.07087515078,-9.1285576179434e-05
2018-09-21 16:00:00,48743.07087515078,0.0
2018-09-21 20:00:00,48743.07087515078,0.0
2018-09-22 00:00:00,48743.07087515078,0.0
2018-09-22 04:00:00,48743.07087515078,0.0
2018-09-22 08:00:00,48743.07087515078,0.0
2018-09-22 12:00:00,48743.07087515078,0.0
2018-09-22 16:00:00,48743.07087515078,0.0
2018-09-22 20:00:00,48743.07087515078,0.0
2018-09-23 00:00:00,48743.07087515078,0.0
2018-09-23 04:00:00,48743.07087515078,0.0
2018-09-23 08:00:00,48743.07087515078,0.0
2018-09-23 12:00:00,48743.07087515078,0.0
2018-09-23 16:00:00,48743.07087515078,0.0
2018-09-23 20:00:00,48743.07087515078,0.0
2018-09-24 00:00:00,48743.07087515078,0.0
2018-09-24 04:00:00,48743.07087515078,0.0
2018-09-24 08:00:00,48549.201752158515,-0.003977367849654634
2018-09-24 12:00:00,48549.201752158515,0.0
2018-09-24 16:00:00,48549.201752158515,0.0
2018-09-24 20:00:00,48549.201752158515,0.0
2018-09-25 00:00:00,48293.08298607111,-0.005275447522183341
2018-09-25 04:00:00,48293.08298607111,0.0
2018-09-25 08:00:00,48293.08298607111,0.0
2018-09-25 12:00:00,48293.08298607111,0.0
2018-09-25 16:00:00,48293.08298607111,0.0
2018-09-25 20:00:00,48293.08298607111,0.0
2018-09-26 00:00:00,48293.08298607111,0.0
2018-09-26 04:00:00,48293.08298607111,0.0
2018-09-26 08:00:00,48293.08298607111,0.0
2018-09-26 12:00:00,48367.01629958114,0.0015309296681547124
2018-09-26 16:00:00,48367.01629958114,0.0
2018-09-26 20:00:00,48367.01629958114,0.0
2018-09-27 00:00:00,48367.01629958114,0.0
2018-09-27 04:00:00,48367.01629958114,0.0
2018-09-27 08:00:00,48367.01629958114,0.0
2018-09-27 12:00:00,48367.01629958114,0.0
2018-09-27 16:00:00,48367.01629958114,0.0
2018-09-27 20:00:00,48367.01629958114,0.0
2018-09-28 00:00:00,48367.01629958114,0.0
2018-09-28 04:00:00,48367.01629958114,0.0
2018-09-28 08:00:00,48367.01629958114,0.0
2018-09-28 12:00:00,48367.01629958114,0.0
2018-09-28 16:00:00,48367.01629958114,0.0
2018-09-28 20:00:00,48367.01629958114,0.0
2018-09-29 00:00:00,48367.01629958114,0.0
2018-09-29 04:00:00,48367.01629958114,0.0
2018-09-29 08:00:00,48367.01629958114,0.0
2018-09-29 12:00:00,48367.01629958114,0.0
2018-09-29 16:00:00,48367.01629958114,0.0
2018-09-29 20:00:00,48367.01629958114,0.0
2018-09-30 00:00:00,48367.01629958114,0.0
2018-09-30 04:00:00,48367.01629958114,0.0
2018-09-30 08:00:00,48367.01629958114,0.0
2018-09-30 12:00:00,48367.01629958114,0.0
2018-09-30 16:00:00,48367.01629958114,0.0
2018-09-30 20:00:00,48367.01629958114,0.0
2018-10-01 00:00:00,48367.01629958114,0.0
2018-10-01 04:00:00,48367.01629958114,0.0
2018-10-01 08:00:00,48367.01629958114,0.0
2018-10-01 12:00:00,48367.01629958114,0.0
2018-10-01 16:00:00,48367.01629958114,0.0
2018-10-01 20:00:00,48367.01629958114,0.0
2018-10-02 00:00:00,48367.01629958114,0.0
2018-10-02 04:00:00,48367.01629958114,0.0
2018-10-02 08:00:00,48367.01629958114,0.0
2018-10-02 12:00:00,48367.01629958114,0.0
2018-10-02 16:00:00,48367.01629958114,0.0
2018-10-02 20:00:00,48367.01629958114,0.0
2018-10-03 00:00:00,48367.01629958114,0.0
2018-10-03 04:00:00,48367.01629958114,0.0
2018-10-03 08:00:00,48367.01629958114,0.0
2018-10-03 12:00:00,48367.01629958114,0.0
2018-10-03 16:00:00,48367.01629958114,0.0
2018-10-03 20:00:00,48367.01629958114,0.0
2018-10-04 00:00:00,48367.01629958114,0.0
2018-10-04 04:00:00,48367.01629958114,0.0
2018-10-04 08:00:00,48367.01629958114,0.0
2018-10-04 12:00:00,48367.01629958114,0.0
2018-10-04 16:00:00,48367.01629958114,0.0
2018-10-04 20:00:00,48367.01629958114,0.0
2018-10-05 00:00:00,48367.01629958114,0.0
2018-10-05 04:00:00,48367.01629958114,0.0
2018-10-05 08:00:00,48367.01629958114,0.0
2018-10-05 12:00:00,48367.01629958114,0.0
2018-10-05 16:00:00,48367.01629958114,0.0
2018-10-05 20:00:00,48367.01629958114,0.0
2018-10-06 00:00:00,48367.01629958114,0.0
2018-10-06 04:00:00,48367.01629958114,0.0
2018-10-06 08:00:00,48367.01629958114,0.0
2018-10-06 12:00:00,48367.01629958114,0.0
2018-10-06 16:00:00,48367.01629958114,0.0
2018-10-06 20:00:00,48367.01629958114,0.0
2018-10-07 00:00:00,48367.01629958114,0.0
2018-10-07 04:00:00,48367.01629958114,0.0
2018-10-07 08:00:00,48367.01629958114,0.0
2018-10-07 12:00:00,48367.01629958114,0.0
2018-10-07 16:00:00,48367.01629958114,0.0
2018-10-07 20:00:00,48367.01629958114,0.0
2018-10-08 00:00:00,48367.01629958114,0.0
2018-10-08 04:00:00,48367.01629958114,0.0
2018-10-08 08:00:00,48367.01629958114,0.0
2018-10-08 12:00:00,48367.01629958114,0.0
2018-10-08 16:00:00,48341.74825896142,-0.0005224229765014021
2018-10-08 20:00:00,48341.74825896142,0.0
2018-10-09 00:00:00,48341.74825896142,0.0
2018-10-09 04:00:00,48345.543112329055,7.850054051217192e-05
2018-10-09 08:00:00,48345.543112329055,0.0
2018-10-09 12:00:00,48345.543112329055,0.0
2018-10-09 16:00:00,48345.543112329055,0.0
2018-10-09 20:00:00,48345.543112329055,0.0
2018-10-10 00:00:00,48345.543112329055,0.0
2018-10-10 04:00:00,48345.543112329055,0.0
2018-10-10 08:00:00,48345.543112329055,0.0
2018-10-10 12:00:00,48345.543112329055,0.0
2018-10-10 16:00:00,48345.543112329055,0.0
2018-10-10 20:00:00,48345.543112329055,0.0
2018-10-11 00:00:00,48345.543112329055,0.0
2018-10-11 04:00:00,48331.55395820761,-0.0002893576785132357
2018-10-11 08:00:00,48331.55395820761,0.0
2018-10-11 12:00:00,48075.98212515386,-0.005287887769442334
2018-10-11 16:00:00,48075.98212515386,0.0
2018-10-11 20:00:00,48075.98212515386,0.0
2018-10-12 00:00:00,48075.98212515386,0.0
2018-10-12 04:00:00,48075.98212515386,0.0
2018-10-12 08:00:00,48075.98212515386,0.0
2018-10-12 12:00:00,48075.98212515386,0.0
2018-10-12 16:00:00,48075.98212515386,0.0
2018-10-12 20:00:00,48075.98212515386,0.0
2018-10-13 00:00:00,48075.98212515386,0.0
2018-10-13 04:00:00,48075.98212515386,0.0
2018-10-13 08:00:00,48075.98212515386,0.0
2018-10-13 12:00:00,48075.98212515386,0.0
2018-10-13 16:00:00,48075.98212515386,0.0
2018-10-13 20:00:00,48075.98212515386,0.0
2018-10-14 00:00:00,48075.98212515386,0.0
2018-10-14 04:00:00,48075.98212515386,0.0
2018-10-14 08:00:00,48075.98212515386,0.0
2018-10-14 12:00:00,48075.98212515386,0.0
2018-10-14 16:00:00,48075.98212515386,0.0
2018-10-14 20:00:00,48075.98212515386,0.0
2018-10-15 00:00:00,48075.98212515386,0.0
2018-10-15 04:00:00,48075.98212515386,0.0
2018-10-15 08:00:00,48072.9887810211,-6.226277655585477e-05
2018-10-15 12:00:00,48072.9887810211,0.0
2018-10-15 16:00:00,48072.9887810211,0.0
2018-10-15 20:00:00,48072.9887810211,0.0
2018-10-16 00:00:00,48072.9887810211,0.0
2018-10-16 04:00:00,48072.9887810211,0.0
2018-10-16 08:00:00,48072.9887810211,0.0
2018-10-16 12:00:00,48072.9887810211,0.0
2018-10-16 16:00:00,48072.9887810211,0.0
2018-10-16 20:00:00,48072.9887810211,0.0
2018-10-17 00:00:00,48072.9887810211,0.0
2018-10-17 04:00:00,48072.9887810211,0.0
2018-10-17 08:00:00,48072.9887810211,0.0
2018-10-17 12:00:00,48072.9887810211,0.0
2018-10-17 16:00:00,48072.9887810211,0.0
2018-10-17 20:00:00,48072.9887810211,0.0
2018-10-18 00:00:00,48072.9887810211,0.0
2018-10-18 04:00:00,48072.9887810211,0.0
2018-10-18 08:00:00,48072.9887810211,0.0
2018-10-18 12:00:00,48072.9887810211,0.0
2018-10-18 16:00:00,48072.9887810211,0.0
2018-10-18 20:00:00,47860.33858912488,-0.004423485980138753
2018-10-19 00:00:00,47860.33858912488,0.0
2018-10-19 04:00:00,47790.81248901745,-0.0014526871759998894
2018-10-19 08:00:00,47790.81248901745,0.0
2018-10-19 12:00:00,47790.81248901745,0.0
2018-10-19 16:00:00,47790.81248901745,0.0
2018-10-19 20:00:00,47790.81248901745,0.0
2018-10-20 00:00:00,47790.81248901745,0.0
2018-10-20 04:00:00,47790.81248901745,0.0
2018-10-20 08:00:00,47790.81248901745,0.0
2018-10-20 12:00:00,47790.81248901745,0.0
2018-10-20 16:00:00,47790.81248901745,0.0
2018-10-20 20:00:00,47790.81248901745,0.0
2018-10-21 00:00:00,47737.68724603995,-0.0011116204184581369
2018-10-21 04:00:00,47737.68724603995,0.0
2018-10-21 08:00:00,47737.68724603995,0.0
2018-10-21 12:00:00,47737.68724603995,0.0
2018-10-21 16:00:00,47737.68724603995,0.0
2018-10-21 20:00:00,47737.68724603995,0.0
2018-10-22 00:00:00,47737.68724603995,0.0
2018-10-22 04:00:00,47737.68724603995,0.0
2018-10-22 08:00:00,47737.68724603995,0.0
2018-10-22 12:00:00,47737.68724603995,0.0
2018-10-22 16:00:00,47737.68724603995,0.0
2018-10-22 20:00:00,47737.68724603995,0.0
2018-10-23 00:00:00,47737.68724603995,0.0
2018-10-23 04:00:00,47737.68724603995,0.0
2018-10-23 08:00:00,47737.68724603995,0.0
2018-10-23 12:00:00,47737.68724603995,0.0
2018-10-23 16:00:00,47737.68724603995,0.0
2018-10-23 20:00:00,47737.68724603995,0.0
2018-10-24 00:00:00,47737.68724603995,0.0
2018-10-24 04:00:00,47737.68724603995,0.0
2018-10-24 08:00:00,47737.68724603995,0.0
2018-10-24 12:00:00,47737.68724603995,0.0
2018-10-24 16:00:00,47737.68724603995,0.0
2018-10-24 20:00:00,47737.68724603995,0.0
2018-10-25 00:00:00,47737.68724603995,0.0
2018-10-25 04:00:00,47737.68724603995,0.0
2018-10-25 08:00:00,47737.68724603995,0.0
2018-10-25 12:00:00,47737.68724603995,0.0
2018-10-25 16:00:00,47737.68724603995,0.0
2018-10-25 20:00:00,47737.68724603995,0.0
2018-10-26 00:00:00,47737.68724603995,0.0
2018-10-26 04:00:00,47737.68724603995,0.0
2018-10-26 08:00:00,47737.68724603995,0.0
2018-10-26 12:00:00,47737.68724603995,0.0
2018-10-26 16:00:00,47737.68724603995,0.0
2018-10-26 20:00:00,47737.68724603995,0.0
2018-10-27 00:00:00,47737.68724603995,0.0
2018-10-27 04:00:00,47737.68724603995,0.0
2018-10-27 08:00:00,47737.68724603995,0.0
2018-10-27 12:00:00,47737.68724603995,0.0
2018-10-27 16:00:00,47737.68724603995,0.0
2018-10-27 20:00:00,47737.68724603995,0.0
2018-10-28 00:00:00,47737.68724603995,0.0
2018-10-28 04:00:00,47737.68724603995,0.0
2018-10-28 08:00:00,47737.68724603995,0.0
2018-10-28 12:00:00,47737.68724603995,0.0
2018-10-28 16:00:00,47737.68724603995,0.0
2018-10-28 20:00:00,47737.68724603995,0.0
2018-10-29 00:00:00,47737.68724603995,0.0
2018-10-29 04:00:00,47737.68724603995,0.0
2018-10-29 08:00:00,47737.68724603995,0.0
2018-10-29 12:00:00,47737.68724603995,0.0
2018-10-29 16:00:00,47737.68724603995,0.0
2018-10-29 20:00:00,47737.68724603995,0.0
2018-10-30 00:00:00,47737.68724603995,0.0
2018-10-30 04:00:00,47737.68724603995,0.0
2018-10-30 08:00:00,47737.68724603995,0.0
2018-10-30 12:00:00,47737.68724603995,0.0
2018-10-30 16:00:00,47737.68724603995,0.0
2018-10-30 20:00:00,47737.68724603995,0.0
2018-10-31 00:00:00,47737.68724603995,0.0
2018-10-31 04:00:00,47737.68724603995,0.0
2018-10-31 08:00:00,47737.68724603995,0.0
2018-10-31 12:00:00,47737.68724603995,0.0
2018-10-31 16:00:00,47737.68724603995,0.0
2018-10-31 20:00:00,47737.68724603995,0.0
2018-11-01 00:00:00,47737.68724603995,0.0
2018-11-01 04:00:00,47737.68724603995,0.0
2018-11-01 08:00:00,47737.68724603995,0.0
2018-11-01 12:00:00,47737.68724603995,0.0
2018-11-01 16:00:00,47737.68724603995,0.0
2018-11-01 20:00:00,47737.68724603995,0.0
2018-11-02 00:00:00,47737.68724603995,0.0
2018-11-02 04:00:00,47737.68724603995,0.0
2018-11-02 08:00:00,47725.464313093944,-0.0002560436764146301
2018-11-02 12:00:00,47725.464313093944,0.0
2018-11-02 16:00:00,47725.464313093944,0.0
2018-11-02 20:00:00,47725.464313093944,0.0
2018-11-03 00:00:00,47725.464313093944,0.0
2018-11-03 04:00:00,47725.464313093944,0.0
2018-11-03 08:00:00,47563.21065870206,-0.003399729195455281
2018-11-03 12:00:00,47563.21065870206,0.0
2018-11-03 16:00:00,47563.21065870206,0.0
2018-11-03 20:00:00,47563.21065870206,0.0
2018-11-04 00:00:00,47563.21065870206,0.0
2018-11-04 04:00:00,47563.21065870206,0.0
2018-11-04 08:00:00,47563.21065870206,0.0
2018-11-04 12:00:00,47563.21065870206,0.0
2018-11-04 16:00:00,47563.21065870206,0.0
2018-11-04 20:00:00,47563.21065870206,0.0
2018-11-05 00:00:00,47563.21065870206,0.0
2018-11-05 04:00:00,47563.21065870206,0.0
2018-11-05 08:00:00,47563.21065870206,0.0
2018-11-05 12:00:00,47563.21065870206,0.0
2018-11-05 16:00:00,47563.21065870206,0.0
2018-11-05 20:00:00,47563.21065870206,0.0
2018-11-06 00:00:00,47563.21065870206,0.0
2018-11-06 04:00:00,47563.21065870206,0.0
2018-11-06 08:00:00,47563.21065870206,0.0
2018-11-06 12:00:00,47552.103917460176,-0.0002335153806496404
2018-11-06 16:00:00,47552.103917460176,0.0
2018-11-06 20:00:00,47552.103917460176,0.0
2018-11-07 00:00:00,47552.103917460176,0.0
2018-11-07 04:00:00,47552.103917460176,0.0
2018-11-07 08:00:00,47552.103917460176,0.0
2018-11-07 12:00:00,47552.103917460176,0.0
2018-11-07 16:00:00,47552.103917460176,0.0
2018-11-07 20:00:00,47552.103917460176,0.0
2018-11-08 00:00:00,47552.103917460176,0.0
2018-11-08 04:00:00,47552.103917460176,0.0
2018-11-08 08:00:00,47552.103917460176,0.0
2018-11-08 12:00:00,47552.103917460176,0.0
2018-11-08 16:00:00,47627.56534349854,0.0015869208683036984
2018-11-08 20:00:00,47627.56534349854,0.0
2018-11-09 00:00:00,47627.56534349854,0.0
2018-11-09 04:00:00,47627.56534349854,0.0
2018-11-09 08:00:00,47369.168733581115,-0.0054253583624068735
2018-11-09 12:00:00,47112.11713760815,-0.0054265591490259
2018-11-09 16:00:00,46866.18453628857,-0.00522015600787451
