top_n,tier_cutoff,trailing_stop,atr_stop_mult,rsi_hi,use_regime,train_cagr,train_dd,train_mar,train_win,val_cagr,val_dd,val_mar,val_win,val_sharpe
12,70.0,0.2,3.0,80.0,True,0.07097990214773375,-0.10688103832893381,0.6641019142168902,0.4658385093167702,0.3414471083277464,-0.22819368359866976,1.4963039420856994,0.49521988527724664,1.2377413524533991
12,70.0,0.25,3.0,80.0,True,0.07097990214773375,-0.10688103832893381,0.6641019142168902,0.4658385093167702,0.3476424338188051,-0.22819368359867032,1.5234533591657697,0.49808429118773945,1.2528576126237478
12,70.0,0.3,3.0,80.0,True,0.07097990214773375,-0.10688103832893381,0.6641019142168902,0.4658385093167702,0.36887029791180015,-0.2297335861834242,1.6056437547502793,0.5009596928982726,1.2989384935346135
8,70.0,0.2,3.0,80.0,True,0.06923890782809217,-0.1061554861077929,0.6522405046290802,0.4551282051282051,0.3102400714720259,-0.22417689920980255,1.3839074077908384,0.5041322314049587,1.1527424282996401
8,70.0,0.25,3.0,80.0,True,0.06923890782809217,-0.1061554861077929,0.6522405046290802,0.4551282051282051,0.3154830787703633,-0.22871246466179096,1.379387342254759,0.5072463768115942,1.1654022742079448
8,70.0,0.3,3.0,80.0,True,0.06923890782809217,-0.1061554861077929,0.6522405046290802,0.4551282051282051,0.33817913382164955,-0.21336678466212378,1.5849661621754854,0.5103734439834025,1.2155987626582456
8,70.0,0.2,2.5,80.0,True,0.056115663403940585,-0.10238090990335946,0.5481067071674779,0.440625,0.30315751826129844,-0.21144356761392136,1.433751433927937,0.4887525562372188,1.1433294675511436
8,70.0,0.25,2.5,80.0,True,0.056115663403940585,-0.10238090990335946,0.5481067071674779,0.440625,0.3093999113810413,-0.21605357382276025,1.432051809681509,0.4918032786885246,1.1594034618275755
8,70.0,0.3,2.5,80.0,True,0.056115663403940585,-0.10238090990335946,0.5481067071674779,0.440625,0.33205919613135415,-0.20724232335742987,1.6022750119368872,0.4948665297741273,1.2112851228870274
12,70.0,0.2,2.5,80.0,True,0.055531225465028866,-0.10376330969819925,0.5351720721567594,0.4484848484848485,0.32688903245592904,-0.2217592561380617,1.4740716493584205,0.4782608695652174,1.2099742781231935
12,70.0,0.25,2.5,80.0,True,0.055531225465028866,-0.10376330969819925,0.5351720721567594,0.4484848484848485,0.33408926050460575,-0.22175925613806158,1.5065403190954538,0.4810606060606061,1.2287606413951244
12,70.0,0.3,2.5,80.0,True,0.055531225465028866,-0.10376330969819925,0.5351720721567594,0.4484848484848485,0.355142831262111,-0.22331199664765178,1.590343719072405,0.4838709677419355,1.2762848697639373
12,70.0,0.2,2.0,80.0,True,0.05407163196768949,-0.1103206166364501,0.4901317053536496,0.4365781710914454,0.26559200586579657,-0.2496670999405889,1.063784559235066,0.44363636363636366,1.0448631478142085
12,70.0,0.25,2.0,80.0,True,0.05407163196768949,-0.1103206166364501,0.4901317053536496,0.4365781710914454,0.27358617457567536,-0.24966709994058844,1.0958038709977356,0.44626593806921677,1.0677817824298201
12,70.0,0.3,2.0,80.0,True,0.05407163196768949,-0.1103206166364501,0.4901317053536496,0.4365781710914454,0.28397960976195424,-0.2511643282967989,1.1306526356178166,0.4470802919708029,1.0911003186595372
8,70.0,0.2,2.0,80.0,True,0.054589427504446064,-0.11155188419588058,0.4893635629550573,0.42813455657492355,0.24281177305967128,-0.22065932489845141,1.1003920780207885,0.4470588235294118,0.9789440017367225
8,70.0,0.25,2.0,80.0,True,0.054589427504446064,-0.11155188419588058,0.4893635629550573,0.42813455657492355,0.24986761171848437,-0.2252154545595253,1.1094603263669165,0.449901768172888,0.9992272525735758
8,70.0,0.3,2.0,80.0,True,0.054589427504446064,-0.11155188419588058,0.4893635629550573,0.42813455657492355,0.2619673578848478,-0.22676147418800663,1.1552551368035833,0.4507874015748031,1.0276747450100352
12,60.0,0.2,3.0,80.0,True,0.05889339285855555,-0.13509235604548664,0.43594911349925447,0.4642857142857143,0.523704572754758,-0.25669038834548497,2.040218864953732,0.49581239530988275,1.6019034838656194
12,60.0,0.25,3.0,80.0,True,0.05889339285855555,-0.13509235604548664,0.43594911349925447,0.4642857142857143,0.5402851323651465,-0.2566903883454844,2.1048124779723603,0.49747899159663866,1.6333946568147497
12,60.0,0.3,3.0,80.0,True,0.05889339285855555,-0.13509235604548664,0.43594911349925447,0.4642857142857143,0.5798993703844781,-0.23044537319802294,2.516428784561309,0.5008460236886633,1.705655532622086
12,60.0,0.2,3.0,70.0,True,0.05924472266241576,-0.13873401416008013,0.42703819262416376,0.4416243654822335,0.4414132023247146,-0.2535022612246203,1.7412594277949751,0.48635634028892455,1.4113827405821942
12,60.0,0.25,3.0,70.0,True,0.05924472266241576,-0.13873401416008013,0.42703819262416376,0.4416243654822335,0.4573384606071298,-0.2535022612246207,1.8040803991168188,0.48792270531400966,1.4454239636371928
12,60.0,0.3,3.0,70.0,True,0.05924472266241576,-0.13873401416008013,0.42703819262416376,0.4416243654822335,0.48007936355964853,-0.2535022612246207,1.893787302884311,0.49029126213592233,1.4877885424730757
8,60.0,0.2,2.0,80.0,True,0.0534040150330235,-0.135660550797296,0.39365913465012964,0.42349726775956287,0.3510745010717835,-0.24472418531914986,1.4345721515588663,0.45098039215686275,1.227847855214742
8,60.0,0.25,2.0,80.0,True,0.0534040150330235,-0.135660550797296,0.39365913465012964,0.42349726775956287,0.36218269224999267,-0.24472418531914997,1.4799628070174697,0.45357142857142857,1.2550318337518291
8,60.0,0.3,2.0,80.0,True,0.0534040150330235,-0.135660550797296,0.39365913465012964,0.42349726775956287,0.37544964138864256,-0.2447241853191503,1.5341746501229956,0.4551971326164875,1.279951475139472
12,70.0,0.2,3.0,70.0,True,0.04268119391310643,-0.10996421701718062,0.3881371146983022,0.45794392523364486,0.2754185981454258,-0.2638631349355951,1.0437933977122313,0.47093023255813954,1.0808714229086087
12,70.0,0.25,3.0,70.0,True,0.04268119391310643,-0.10996421701718062,0.3881371146983022,0.45794392523364486,0.27770190245506243,-0.2668241973135874,1.0407673114020124,0.47184466019417476,1.08582810816837
12,70.0,0.3,3.0,70.0,True,0.04268119391310643,-0.10996421701718062,0.3881371146983022,0.45794392523364486,0.29978775805413616,-0.25791591041855766,1.1623468965820176,0.47470817120622566,1.1411334551337522
8,60.0,0.2,3.0,80.0,True,0.06157101053491543,-0.15888844508041688,0.3875109389090755,0.45930232558139533,0.4555875417738553,-0.24720488802304075,1.8429552320639884,0.5131578947368421,1.4601062379663565
8,60.0,0.25,3.0,80.0,True,0.06157101053491543,-0.15888844508041688,0.3875109389090755,0.45930232558139533,0.46490045523959633,-0.24720488802304041,1.880628085300101,0.5160075329566854,1.47836931770266
8,60.0,0.3,3.0,80.0,True,0.06157101053491543,-0.15888844508041688,0.3875109389090755,0.45930232558139533,0.49032333129615147,-0.24720488802304041,1.983469401504923,0.5208333333333334,1.522367376368128
12,50.0,0.3,3.0,80.0,True,0.06240749390306011,-0.16128819847882347,0.38693155786753963,0.4282178217821782,0.6595473268276169,-0.21267114671481946,3.101254387423012,0.5,1.7713278721490149
12,70.0,0.2,3.0,80.0,False,0.05887423266637892,-0.1551281106950032,0.37952007797046744,0.4474393530997305,0.37010454144112415,-0.19756431349673043,1.8733370156308577,0.5037735849056604,1.2701453702719216
12,70.0,0.25,3.0,80.0,False,0.05887423266637892,-0.1551281106950032,0.37952007797046744,0.4474393530997305,0.38097854439589174,-0.19756431349673065,1.9283773352225186,0.5066162570888468,1.2955918818837122
12,70.0,0.3,3.0,80.0,False,0.05887423266637892,-0.1551281106950032,0.37952007797046744,0.4474393530997305,0.40438609849978313,-0.19916532758729533,2.0304041039600045,0.509469696969697,1.3430890087462573
12,50.0,0.2,3.0,80.0,True,0.06042611250798835,-0.16128819847882403,0.37464683143523275,0.4282178217821782,0.5923018056093974,-0.2466981961921625,2.400916645324927,0.49838187702265374,1.6603414094806936
12,50.0,0.25,3.0,80.0,True,0.06042611250798835,-0.16128819847882403,0.37464683143523275,0.4282178217821782,0.6145519450101209,-0.23894495121491333,2.5719394441499492,0.5,1.6937054832909146
5,60.0,0.2,3.0,80.0,True,0.03773115806690175,-0.10147805567051094,0.37181593417015235,0.4626334519572954,0.3441846103898212,-0.15141183547320713,2.2731684700482075,0.5311778290993071,1.4773166527953199
5,60.0,0.25,3.0,80.0,True,0.03773115806690175,-0.10147805567051094,0.37181593417015235,0.4626334519572954,0.34116463065712277,-0.15141183547320736,2.253223003280299,0.5334872979214781,1.4657523665703105
5,60.0,0.3,3.0,80.0,True,0.03773115806690175,-0.10147805567051094,0.37181593417015235,0.4626334519572954,0.34602466717983127,-0.1514118354732077,2.2853211315905373,0.5347222222222222,1.4815881480439634
12,50.0,0.3,2.5,80.0,True,0.05483041540536848,-0.15054378785505917,0.3642157287696136,0.4105011933174224,0.6472724837965018,-0.20056822616680192,3.2271935399089573,0.4807073954983923,1.7680597426769278
8,70.0,0.2,3.0,80.0,False,0.056247852433897405,-0.15751505996869786,0.35709507678234226,0.44166666666666665,0.3382753098227389,-0.21924844585538295,1.5428857819401214,0.5132382892057027,1.1895680197155416
8,70.0,0.25,3.0,80.0,False,0.056247852433897405,-0.15751505996869786,0.35709507678234226,0.44166666666666665,0.34806730446425216,-0.2238128237038367,1.555171409323877,0.5163265306122449,1.2127609544234699
8,70.0,0.3,3.0,80.0,False,0.056247852433897405,-0.15751505996869786,0.35709507678234226,0.44166666666666665,0.3729431867716455,-0.20836965953800624,1.789815213973709,0.5194274028629857,1.2642006012794575
12,50.0,0.2,2.5,80.0,True,0.05288104212171141,-0.15054378785505973,0.3512668498325824,0.4105011933174224,0.5794986434863001,-0.23511793175663964,2.4647147886878913,0.47943037974683544,1.6521074461325822
12,50.0,0.25,2.5,80.0,True,0.05288104212171141,-0.15054378785505973,0.3512668498325824,0.4105011933174224,0.6056943314241696,-0.22724549867563026,2.6653743856494883,0.48089171974522293,1.6956709634744473
12,50.0,0.3,3.0,70.0,True,0.0552533367650736,-0.16058244922638765,0.34408079482694875,0.4132029339853301,0.5966257108268906,-0.24495882333234065,2.4356163322087663,0.4897959183673469,1.649723460683498
5,70.0,0.2,3.0,80.0,True,0.03271994059067884,-0.09566907310043882,0.34201168183502306,0.44787644787644787,0.2464840200235603,-0.14498042774605335,1.7001192771709839,0.5149253731343284,1.1596917671251072
5,70.0,0.25,3.0,80.0,True,0.03271994059067884,-0.09566907310043882,0.34201168183502306,0.44787644787644787,0.2436769780112702,-0.1449804277460539,1.6807577533023428,0.5174129353233831,1.1473647548551102
5,70.0,0.3,3.0,80.0,True,0.03271994059067884,-0.09566907310043882,0.34201168183502306,0.44787644787644787,0.2576272844358378,-0.1449804277460538,1.7769797512743932,0.5199004975124378,1.197566522932956
12,60.0,0.2,2.5,80.0,True,0.04678455795581038,-0.13783469930637893,0.33942510986887037,0.44717444717444715,0.505347446409449,-0.24261848855508805,2.082889269564906,0.47775947281713343,1.5789024232887179
12,60.0,0.25,2.5,80.0,True,0.04678455795581038,-0.13783469930637893,0.33942510986887037,0.44717444717444715,0.522754463157254,-0.24261848855508783,2.154635725704638,0.4793388429752066,1.6145203861863378
12,60.0,0.3,2.5,80.0,True,0.04678455795581038,-0.13783469930637893,0.33942510986887037,0.44717444717444715,0.561955668850898,-0.21587718389506638,2.603126734894103,0.4825291181364393,1.6884845965310238
8,50.0,0.3,3.0,80.0,True,0.054271204176350896,-0.16147633966613528,0.3360938468667346,0.4435028248587571,0.5635667518514085,-0.21764723220897175,2.5893586889738422,0.5166051660516605,1.6169099639414848
12,50.0,0.2,3.0,70.0,True,0.053269441870060996,-0.16180909480888106,0.3292116671994215,0.4132029339853301,0.5515992399158791,-0.25274871254160614,2.1824017790993806,0.48992248062015503,1.5739011791712443
12,50.0,0.25,3.0,70.0,True,0.053269441870060996,-0.16180909480888106,0.3292116671994215,0.4132029339853301,0.5684866783401465,-0.24495882333234076,2.3207438319903617,0.49065420560747663,1.6004056369746538
8,60.0,0.2,3.0,80.0,False,0.05952490128360033,-0.1818430856368668,0.3273421206812841,0.44,0.5321766706975044,-0.21187914139128872,2.511699203626207,0.5203703703703704,1.5707401324216874
8,60.0,0.25,3.0,80.0,False,0.05952490128360033,-0.1818430856368668,0.3273421206812841,0.44,0.5486746145401293,-0.21187914139128883,2.589564083266044,0.5231910946196661,1.5998946822120061
8,60.0,0.3,3.0,80.0,False,0.05952490128360033,-0.1818430856368668,0.3273421206812841,0.44,0.5775145255920726,-0.21187914139128872,2.725678996997374,0.5279850746268657,1.644277429440705
12,60.0,0.2,3.0,70.0,False,0.05623190227867392,-0.17634532864239394,0.31887378424809376,0.42152466367713004,0.5180023640741889,-0.2237838579046496,2.3147440969352697,0.492845786963434,1.5218673873712816
12,60.0,0.25,3.0,70.0,False,0.05623190227867392,-0.17634532864239394,0.31887378424809376,0.42152466367713004,0.5450763124937141,-0.22378385790464983,2.4357266766129357,0.4960127591706539,1.572607430569539
12,60.0,0.3,3.0,70.0,False,0.05623190227867392,-0.17634532864239394,0.31887378424809376,0.42152466367713004,0.5711384491114122,-0.22378385790464983,2.55218787654811,0.4983974358974359,1.6154175408574396
12,60.0,0.2,3.0,80.0,False,0.0564133413909389,-0.178914969224497,0.31530811332031794,0.44269662921348313,0.6119831475469464,-0.21990237834322357,2.7829764832818826,0.5041597337770383,1.7153190931714246
12,60.0,0.25,3.0,80.0,False,0.0564133413909389,-0.178914969224497,0.31530811332031794,0.44269662921348313,0.6401955518483828,-0.21990237834322335,2.911271613666526,0.5075125208681135,1.761126194513721
12,60.0,0.3,3.0,80.0,False,0.0564133413909389,-0.178914969224497,0.31530811332031794,0.44269662921348313,0.6824596440268542,-0.19572771037678227,3.4867809096274462,0.5109243697478991,1.8285330919006728
8,60.0,0.2,2.5,80.0,False,0.053296688138211534,-0.169227927208772,0.31494026439537265,0.42857142857142855,0.5176531550006311,-0.21746542395143087,2.380392917617307,0.5073529411764706,1.5542532779371192
8,60.0,0.25,2.5,80.0,False,0.053296688138211534,-0.169227927208772,0.31494026439537265,0.42857142857142855,0.5361194153286655,-0.2005051987835048,2.673842965575868,0.5101289134438306,1.5903716664824583
8,60.0,0.3,2.5,80.0,False,0.053296688138211534,-0.169227927208772,0.31494026439537265,0.42857142857142855,0.5648056241367474,-0.20050519878350503,2.8169126165481364,0.5148148148148148,1.6364476007963622
8,60.0,0.2,2.5,80.0,True,0.05131413221435577,-0.16380184950010734,0.31326955324959344,0.4438202247191011,0.443737552916039,-0.2356892467538474,1.882722945690756,0.49906890130353815,1.4457094751874697
8,60.0,0.25,2.5,80.0,True,0.05131413221435577,-0.16380184950010734,0.31326955324959344,0.4438202247191011,0.4542851275687194,-0.23568924675384717,1.9274749859214952,0.5018656716417911,1.4683622109299752
8,60.0,0.3,2.5,80.0,True,0.05131413221435577,-0.16380184950010734,0.31326955324959344,0.4438202247191011,0.47959952087281477,-0.2356892467538475,2.034880791034585,0.5065666041275797,1.5140946836772013
8,60.0,0.2,2.0,80.0,False,0.05320793058178808,-0.17140618898035653,0.31042012484091697,0.4060324825986079,0.42608119076601536,-0.22268338388500675,1.913394629327363,0.4603174603174603,1.3649580655630602
8,60.0,0.25,2.0,80.0,False,0.05320793058178808,-0.17140618898035653,0.31042012484091697,0.4060324825986079,0.4453754658514446,-0.2126221492682383,2.094680480769532,0.4628975265017668,1.407614578050072
8,60.0,0.3,2.0,80.0,False,0.05320793058178808,-0.17140618898035653,0.31042012484091697,0.4060324825986079,0.461305165385798,-0.21262214926823841,2.169600707045002,0.4645390070921986,1.4342512740256654
8,50.0,0.3,2.0,80.0,True,0.045548623973739266,-0.146871909813987,0.3101248157760494,0.40633245382585753,0.4359950827912207,-0.22374048685019798,1.9486642267080365,0.4506065857885615,1.3805443499312657
8,60.0,0.2,2.0,70.0,True,0.039922046319852855,-0.12956300493067907,0.30812843790719896,0.41397849462365593,0.3334744494442834,-0.29296088457684144,1.138290014129226,0.4472361809045226,1.1811095508122156
8,60.0,0.25,2.0,70.0,True,0.039922046319852855,-0.12956300493067907,0.30812843790719896,0.41397849462365593,0.3413301149379391,-0.2929608845768411,1.1651047389174958,0.44798657718120805,1.2002667015109285
8,60.0,0.3,2.0,70.0,True,0.039922046319852855,-0.12956300493067907,0.30812843790719896,0.41397849462365593,0.3545048857495632,-0.292960884576841,1.2100758306407275,0.4494949494949495,1.228356537999656
12,70.0,0.2,2.5,80.0,False,0.04714899068579803,-0.15311959081191107,0.3079226533704291,0.43271767810026385,0.36011971451604596,-0.18506433818300516,1.9459163124120284,0.48785046728971965,1.2578990024019783
12,70.0,0.25,2.5,80.0,False,0.04714899068579803,-0.15311959081191107,0.3079226533704291,0.43271767810026385,0.37251083373573546,-0.18506433818300527,2.0128720497590913,0.49063670411985016,1.288573268797613
12,70.0,0.3,2.5,80.0,False,0.04714899068579803,-0.15311959081191107,0.3079226533704291,0.43271767810026385,0.39581523093671156,-0.18669029213721822,2.1201703977504387,0.49343339587242024,1.337307094904394
8,50.0,0.2,3.0,80.0,True,0.05166396156913966,-0.16886752043703568,0.305943744749916,0.4435028248587571,0.5085626533001808,-0.22892143030590384,2.2215598278439774,0.5072992700729927,1.5214571535395693
8,50.0,0.25,3.0,80.0,True,0.05166396156913966,-0.16886752043703568,0.305943744749916,0.4435028248587571,0.5279409819716019,-0.21764723220897264,2.4256728496538043,0.5128205128205128,1.5533968082148883
8,70.0,0.2,2.5,80.0,False,0.0468366859420295,-0.15311280625389057,0.3058965940730342,0.42934782608695654,0.3362200250509264,-0.20073576109339575,1.6749383528851856,0.498989898989899,1.1958187228226833
8,70.0,0.25,2.5,80.0,False,0.0468366859420295,-0.15311280625389057,0.3058965940730342,0.42934782608695654,0.3475387468993292,-0.20540836656909134,1.6919405606705447,0.5020242914979757,1.223948035687927
8,70.0,0.3,2.5,80.0,False,0.0468366859420295,-0.15311280625389057,0.3058965940730342,0.42934782608695654,0.37247512716677145,-0.19647746814793665,1.8957651005881158,0.5050709939148073,1.2768114503163481
12,50.0,0.3,2.0,70.0,True,0.04879196120700802,-0.16079453257057763,0.30344291206289453,0.37844036697247707,0.5292056143906101,-0.22705499935801166,2.330737556481542,0.4431314623338257,1.5502434626639894
12,50.0,0.3,2.0,80.0,True,0.04643934459304311,-0.1531330270420228,0.3032614550243248,0.3870967741935484,0.5675217214574613,-0.20932451429595822,2.711205246868782,0.4420401854714065,1.6318260457493379
12,50.0,0.3,2.5,70.0,True,0.049009390054685076,-0.16242413865424088,0.3017371091560069,0.39436619718309857,0.5945517325720788,-0.2333518200854735,2.547876988293054,0.47619047619047616,1.659722241830177
8,60.0,0.2,3.0,70.0,True,0.042936145794341796,-0.14272369099540416,0.3008340486074199,0.4431818181818182,0.4375564864714767,-0.28632830322669456,1.5281635854386715,0.4991304347826087,1.4211431614003065
8,60.0,0.25,3.0,70.0,True,0.042936145794341796,-0.14272369099540416,0.3008340486074199,0.4431818181818182,0.443218179027824,-0.286328303226694,1.5479370150736234,0.5,1.430525335627918
8,60.0,0.3,3.0,70.0,True,0.042936145794341796,-0.14272369099540416,0.3008340486074199,0.4431818181818182,0.46831637921721203,-0.28632830322669434,1.6355923390725104,0.5043782837127846,1.4773331588789127
12,60.0,0.2,2.0,70.0,True,0.04113878742032995,-0.13966553269664883,0.29455218210267164,0.40714285714285714,0.3893539332202416,-0.24829149275169815,1.5681323951345032,0.444104134762634,1.3091695159684016
12,60.0,0.25,2.0,70.0,True,0.04113878742032995,-0.13966553269664883,0.29455218210267164,0.40714285714285714,0.4063174529529727,-0.24829149275169782,1.636453381668246,0.445468509984639,1.3487210370710256
12,60.0,0.3,2.0,70.0,True,0.04113878742032995,-0.13966553269664883,0.29455218210267164,0.40714285714285714,0.41753514070632325,-0.24829149275169782,1.6816328907566573,0.4453004622496148,1.3691711454396946
12,50.0,0.2,2.0,80.0,True,0.044499541448739244,-0.15313302704202258,0.29059401690353664,0.3870967741935484,0.5098427183094421,-0.24349557316753356,2.09384799763342,0.44359756097560976,1.5263127251770237
12,50.0,0.25,2.0,80.0,True,0.044499541448739244,-0.15313302704202258,0.29059401690353664,0.3870967741935484,0.5383732834140234,-0.23570936570405765,2.2840555435967365,0.4447852760736196,1.5792591422115936
5,60.0,0.2,2.0,80.0,True,0.027411465852568595,-0.09503026068751408,0.28844986485626,0.43103448275862066,0.27847580030557495,-0.14756049370745783,1.8871975371515075,0.4746136865342163,1.2813661275380468
5,60.0,0.25,2.0,80.0,True,0.027411465852568595,-0.09503026068751408,0.28844986485626,0.43103448275862066,0.27661125328840175,-0.14756049370745739,1.8745617227114388,0.4768211920529801,1.2736235357804004
5,60.0,0.3,2.0,80.0,True,0.027411465852568595,-0.09503026068751408,0.28844986485626,0.43103448275862066,0.281229656284921,-0.14756049370745783,1.9058600931660303,0.4778761061946903,1.2900790336799788
12,60.0,0.2,2.0,80.0,True,0.037340055131098504,-0.13026228278481167,0.2866528540174814,0.42280285035629456,0.4366598106757411,-0.2547849288784123,1.7138368921504088,0.4435612082670906,1.434427347848286
12,60.0,0.25,2.0,80.0,True,0.037340055131098504,-0.13026228278481167,0.2866528540174814,0.42280285035629456,0.45414336477190376,-0.25478492887841253,1.7824577253100724,0.4449760765550239,1.4730383008956238
12,60.0,0.3,2.0,80.0,True,0.037340055131098504,-0.13026228278481167,0.2866528540174814,0.42280285035629456,0.48030735396008506,-0.22847345652974937,2.102245754300761,0.44551282051282054,1.5252816544037258
12,60.0,0.2,2.5,70.0,True,0.042405767153791185,-0.14796550485864235,0.286592251310893,0.4223300970873786,0.43593440366615965,-0.2538033457106881,1.7176070017732699,0.4747634069400631,1.410542412930955
12,60.0,0.25,2.5,70.0,True,0.042405767153791185,-0.14796550485864235,0.286592251310893,0.4223300970873786,0.452425176796291,-0.2538033457106883,1.7825816106932362,0.4762658227848101,1.446114004233967
12,60.0,0.3,2.5,70.0,True,0.042405767153791185,-0.14796550485864235,0.286592251310893,0.4223300970873786,0.47512495789074904,-0.2538033457106881,1.8720200734955905,0.4785373608903021,1.4893816446568504
8,50.0,0.3,2.5,80.0,True,0.04652741302493024,-0.1637616704720838,0.28411662442623714,0.4266304347826087,0.541090772221944,-0.20567990379775714,2.6307420522424634,0.5009107468123861,1.5905559797338369
8,50.0,0.2,2.0,80.0,True,0.043014512945433125,-0.15269293476829904,0.2817059807692129,0.40633245382585753,0.40513968559979463,-0.22374048685019854,1.8107571468325654,0.4475043029259897,1.320253843162445
8,50.0,0.25,2.0,80.0,True,0.043014512945433125,-0.15269293476829904,0.2817059807692129,0.40633245382585753,0.4188125844632493,-0.2237404868501982,1.871867672942262,0.45,1.3481870640948619
12,50.0,0.2,2.0,70.0,True,0.04685319914374375,-0.1663283178720003,0.28169105383366,0.37844036697247707,0.4918801140351772,-0.235029605360061,2.092843211312149,0.44590643274853803,1.4820050399114877
12,50.0,0.25,2.0,70.0,True,0.04685319914374375,-0.1663283178720003,0.28169105383366,0.37844036697247707,0.5153543406603074,-0.22705499935801166,2.269733510019378,0.44640234948604995,1.5269206295490891
12,60.0,0.2,2.5,80.0,False,0.04799195559105618,-0.17109603980975918,0.2804971736599993,0.42950108459869846,0.5859309242288657,-0.20485262170330676,2.8602559213398027,0.4852459016393443,1.6853001480030088
12,60.0,0.25,2.5,80.0,False,0.04799195559105618,-0.17109603980975918,0.2804971736599993,0.42950108459869846,0.6153838165235599,-0.20485262170330676,3.004031929915136,0.48848684210526316,1.7379398836995534
12,60.0,0.3,2.5,80.0,False,0.04799195559105618,-0.17109603980975918,0.2804971736599993,0.42950108459869846,0.6570490474685169,-0.18021157253134468,3.645986982074831,0.4917218543046358,1.8071145296153688
12,50.0,0.2,2.5,70.0,True,0.047056319520561773,-0.16798669117780984,0.28011933082695106,0.39436619718309857,0.5487138441501325,-0.24126146071868848,2.2743534856979677,0.4764795144157815,1.5808160045298332
12,50.0,0.25,2.5,70.0,True,0.047056319520561773,-0.16798669117780984,0.28011933082695106,0.39436619718309857,0.5694643556797905,-0.23335182008547328,2.440368176563629,0.4771341463414634,1.6161819749308741
5,50.0,0.2,3.0,80.0,True,0.027683934727411597,-0.10179677581868551,0.27195296221091136,0.45263157894736844,0.32498663327155564,-0.1722336339285906,1.8868941324567166,0.5265486725663717,1.3619098239581409
5,50.0,0.25,3.0,80.0,True,0.027683934727411597,-0.10179677581868551,0.27195296221091136,0.45263157894736844,0.3252725010007935,-0.17787166026571677,1.8286921059536936,0.5287610619469026,1.3591534451822316
5,50.0,0.3,3.0,80.0,True,0.027683934727411597,-0.10179677581868551,0.27195296221091136,0.45263157894736844,0.3480126003330051,-0.16292812325726358,2.13598851674915,0.5333333333333333,1.4361050002048257
8,50.0,0.2,2.5,80.0,True,0.04397407903249562,-0.17103402557681502,0.25710719772976354,0.4266304347826087,0.49269179179681366,-0.2171265586644877,2.269145676269571,0.4927797833935018,1.5037764463482837
8,50.0,0.25,2.5,80.0,True,0.04397407903249562,-0.17103402557681502,0.25710719772976354,0.4266304347826087,0.508826478919189,-0.20567990379775702,2.4738755197956186,0.4972875226039783,1.5317212377863203
12,70.0,0.2,2.0,80.0,False,0.03899666084482023,-0.15412177825846485,0.2530249863807188,0.4122137404580153,0.29700394303066235,-0.2180778258359315,1.3619172049803454,0.45225225225225224,1.100895126115284
12,70.0,0.25,2.0,80.0,False,0.03899666084482023,-0.15412177825846485,0.2530249863807188,0.4122137404580153,0.31051160156103563,-0.21807782583593116,1.4238568289590623,0.4548736462093863,1.1373835139693216
12,70.0,0.3,2.0,80.0,False,0.03899666084482023,-0.15412177825846485,0.2530249863807188,0.4122137404580153,0.3227942863260531,-0.2196380880227753,1.4696644340328673,0.45569620253164556,1.1633916161326996
12,60.0,0.2,2.5,70.0,False,0.0434649796803821,-0.1761603336055082,0.24673533928311675,0.40772532188841204,0.521336105523238,-0.2115422351980265,2.464453989697191,0.48119122257053293,1.5420725796783643
12,60.0,0.25,2.5,70.0,False,0.0434649796803821,-0.1761603336055082,0.24673533928311675,0.40772532188841204,0.5493477702309209,-0.21154223519802695,2.5968704061232524,0.48427672955974843,1.594474473889478
12,60.0,0.3,2.5,70.0,False,0.0434649796803821,-0.1761603336055082,0.24673533928311675,0.40772532188841204,0.5755199235206534,-0.21154223519802662,2.7205911055156617,0.48657187993680884,1.6379696519342002
12,60.0,0.2,2.0,70.0,False,0.037770630153806994,-0.15685653947580158,0.2407972933741402,0.3900414937759336,0.4703065969269351,-0.20572124178030193,2.2861353200910317,0.4505327245053272,1.445157049428746
12,60.0,0.25,2.0,70.0,False,0.037770630153806994,-0.15685653947580158,0.2407972933741402,0.3900414937759336,0.4990326048927638,-0.20572124178030193,2.4257709149242888,0.4534351145038168,1.5037545514803643
12,60.0,0.3,2.0,70.0,False,0.037770630153806994,-0.15685653947580158,0.2407972933741402,0.3900414937759336,0.5129057428753039,-0.20572124178030216,2.49320749980236,0.45329249617151607,1.5262365915834784
8,70.0,0.2,2.0,80.0,False,0.03864220212892544,-0.1608666218030571,0.24021267865147078,0.40789473684210525,0.276312768113264,-0.21388673012763249,1.2918649415434986,0.4563106796116505,1.0461721160943858
8,70.0,0.25,2.0,80.0,False,0.03864220212892544,-0.1608666218030571,0.24021267865147078,0.40789473684210525,0.28878464988089636,-0.21848245328216032,1.3217750237724761,0.4591439688715953,1.080210575506304
8,70.0,0.3,2.0,80.0,False,0.03864220212892544,-0.1608666218030571,0.24021267865147078,0.40789473684210525,0.3028251920692282,-0.22004190806780044,1.3762159887102967,0.4600389863547758,1.1109803668852274
5,60.0,0.2,2.5,80.0,True,0.023535362720880304,-0.09812856530091685,0.2398421157866496,0.44405594405594406,0.3408260638336822,-0.1437777775597674,2.3705058571516955,0.518348623853211,1.4786089332911594
5,60.0,0.25,2.5,80.0,True,0.023535362720880304,-0.09812856530091685,0.2398421157866496,0.44405594405594406,0.33887298366237806,-0.1437777775597674,2.3569218373925067,0.5206422018348624,1.470942515207833
5,60.0,0.3,2.5,80.0,True,0.023535362720880304,-0.09812856530091685,0.2398421157866496,0.44405594405594406,0.3437218101972537,-0.14377777755976784,2.3906462878407613,0.5218390804597701,1.486918398473287
12,50.0,0.3,3.0,80.0,False,0.05898059931272104,-0.24737673836513774,0.23842419340844961,0.41685144124168516,0.9053340436386683,-0.23074475368496028,3.923530347627042,0.5130293159609121,2.0505228589665556
8,70.0,0.2,3.0,70.0,True,0.02908002567776613,-0.12371435192314129,0.23505781848036816,0.44299674267100975,0.264569174991637,-0.2480941336695982,1.066406412269222,0.4824016563146998,1.0486978814357908
8,70.0,0.25,3.0,70.0,True,0.02908002567776613,-0.12371435192314129,0.23505781848036816,0.44299674267100975,0.2667669495602054,-0.25247373683712626,1.0566126714886779,0.483402489626556,1.0534142661657036
8,70.0,0.3,3.0,70.0,True,0.02908002567776613,-0.12371435192314129,0.23505781848036816,0.44299674267100975,0.28866958209033666,-0.23780647579767178,1.2138844458379667,0.4864864864864865,1.109183683678045
5,70.0,0.2,2.0,80.0,True,0.02388892323191194,-0.10273803359478051,0.23252268313928087,0.4216417910447761,0.21127530311129217,-0.14528250082990268,1.4542377912303017,0.46522781774580335,1.0460588870573182
5,70.0,0.25,2.0,80.0,True,0.02388892323191194,-0.10273803359478051,0.23252268313928087,0.4216417910447761,0.20950229291317135,-0.14528250082990302,1.4420339112861016,0.4676258992805755,1.0376452475580138
5,70.0,0.3,2.0,80.0,True,0.02388892323191194,-0.10273803359478051,0.23252268313928087,0.4216417910447761,0.21384522136009076,-0.1452825008299029,1.4719269019911851,0.4676258992805755,1.054586442806524
12,50.0,0.3,2.5,80.0,False,0.055259654158895666,-0.2389454526174224,0.23126472403462045,0.4025695931477516,0.8734215087468882,-0.213718130623341,4.086791823414435,0.492845786963434,2.0299651845856976
8,60.0,0.2,2.5,70.0,True,0.03440255575865647,-0.14910422471266216,0.23072824277751638,0.4301369863013699,0.4184503428718249,-0.28417500612192514,1.472509312420984,0.4896551724137931,1.3881620260555902
8,60.0,0.25,2.5,70.0,True,0.03440255575865647,-0.14910422471266216,0.23072824277751638,0.4301369863013699,0.4251300119774992,-0.28417500612192415,1.4960147895452103,0.4905008635578584,1.400758128995528
8,60.0,0.3,2.5,70.0,True,0.03440255575865647,-0.14910422471266216,0.23072824277751638,0.4301369863013699,0.45005722226359657,-0.2841750061219247,1.5837326033891257,0.4947916666666667,1.4504218957387018
12,50.0,0.25,3.0,80.0,False,0.05700807331821944,-0.25085319057829336,0.22725672010309453,0.41685144124168516,0.8506045436573935,-0.2536284408468311,3.353742745952858,0.5129032258064516,1.977333565139682
12,70.0,0.2,2.0,70.0,True,0.029366850299682223,-0.13155040837387255,0.2232364814575127,0.4260355029585799,0.22172175036709896,-0.2625361568585166,0.8445379601050039,0.42990654205607476,0.9342448550703591
12,70.0,0.25,2.0,70.0,True,0.029366850299682223,-0.13155040837387255,0.2232364814575127,0.4260355029585799,0.22594671070366945,-0.26550255691898283,0.851015196710954,0.4307116104868914,0.9466657810014756
12,70.0,0.3,2.0,70.0,True,0.029366850299682223,-0.13155040837387255,0.2232364814575127,0.4260355029585799,0.23782288823193576,-0.2669631733586316,0.8908452998962911,0.43151969981238275,0.9780514572957727
8,60.0,0.2,2.0,70.0,False,0.038241527959384625,-0.17231215347725592,0.22193169307951488,0.4,0.4048640673160018,-0.25469548156952937,1.5896005096795478,0.45454545454545453,1.3141100363997824
8,60.0,0.25,2.0,70.0,False,0.038241527959384625,-0.17231215347725592,0.22193169307951488,0.4,0.4191321252808309,-0.25469548156953004,1.6456205767686962,0.4552980132450331,1.3460302401689657
8,60.0,0.3,2.0,70.0,False,0.038241527959384625,-0.17231215347725592,0.22193169307951488,0.4,0.4349014647745637,-0.2546954815695296,1.7075350614566733,0.4568106312292359,1.3761186126355627
12,50.0,0.2,3.0,80.0,False,0.05538647699852062,-0.2514971143600687,0.22022708745367048,0.41685144124168516,0.8135773192476723,-0.26156534754843264,3.110417059725492,0.5088,1.9378847776892238
8,60.0,0.2,3.0,70.0,False,0.040184049948489564,-0.18273287589898957,0.2199059679370578,0.4282238442822384,0.5173624595365132,-0.2597664307248696,1.9916447944903057,0.5042735042735043,1.5413831418126358
8,60.0,0.25,3.0,70.0,False,0.040184049948489564,-0.18273287589898957,0.2199059679370578,0.4282238442822384,0.5281614660764229,-0.25976643072487005,2.0332167809466566,0.5051369863013698,1.5578906371507952
8,60.0,0.3,3.0,70.0,False,0.040184049948489564,-0.18273287589898957,0.2199059679370578,0.4282238442822384,0.5566917243840914,-0.2597664307248696,2.1430472091049704,0.5094664371772806,1.6051194360408956
12,50.0,0.25,2.5,80.0,False,0.0533119143761287,-0.24395626108819168,0.21853062568808643,0.4025695931477516,0.8231039744797377,-0.23710832317798736,3.4714259012403703,0.49291338582677163,1.9612176585945704
12,70.0,0.2,2.5,70.0,True,0.026753716683587836,-0.12314152665242029,0.21725990744863,0.4350453172205438,0.26840905090429534,-0.24214648612425071,1.1084573441489822,0.45873320537428025,1.0694835218474565
12,70.0,0.25,2.5,70.0,True,0.026753716683587836,-0.12314152665242029,0.21725990744863,0.4350453172205438,0.27168965466664985,-0.2451949023012514,1.1080558858146508,0.4596153846153846,1.0780865838055873
12,70.0,0.3,2.5,70.0,True,0.026753716683587836,-0.12314152665242029,0.21725990744863,0.4350453172205438,0.2937401730898408,-0.2424706208054047,1.2114464511788525,0.4624277456647399,1.1352292615178732
5,70.0,0.2,2.5,80.0,True,0.021197712010086356,-0.09953192471746874,0.2129739987472177,0.43346007604562736,0.23585155945838054,-0.1499967300545072,1.5723780069917166,0.4975247524752475,1.129137407829368
5,70.0,0.25,2.5,80.0,True,0.021197712010086356,-0.09953192471746874,0.2129739987472177,0.43346007604562736,0.2340447865171178,-0.14999673005450764,1.560332591464279,0.5,1.1207833450866045
5,70.0,0.3,2.5,80.0,True,0.021197712010086356,-0.09953192471746874,0.2129739987472177,0.43346007604562736,0.24788434967094286,-0.1499967300545071,1.6525983571832834,0.5024752475247525,1.1715963387798287
12,50.0,0.2,2.5,80.0,False,0.05169598847455581,-0.24395626108819168,0.21190679117625677,0.4025695931477516,0.7814934365440109,-0.24522090464019386,3.186895659204404,0.4890625,1.910355833943964
8,60.0,0.2,2.5,70.0,False,0.03627004896964747,-0.1720011003259807,0.21087102873706962,0.4188235294117647,0.5032983928303703,-0.24543236045140104,2.050660279291207,0.4965986394557823,1.5246128133796109
8,60.0,0.25,2.5,70.0,False,0.03627004896964747,-0.1720011003259807,0.21087102873706962,0.4188235294117647,0.5157051070514851,-0.24543236045140115,2.1012107209619635,0.49744463373083475,1.5457114292755179
8,60.0,0.3,2.5,70.0,False,0.03627004896964747,-0.1720011003259807,0.21087102873706962,0.4188235294117647,0.5441556974011033,-0.24543236045140115,2.217131010761123,0.5017123287671232,1.5955217334697913
12,50.0,0.3,2.5,70.0,False,0.05094043908965662,-0.24164198641981616,0.2108095527784454,0.3873684210526316,0.8071756037084419,-0.2434250617535847,3.3159100295331663,0.48710166919575115,1.9229589920783012
12,60.0,0.2,2.0,80.0,False,0.0355528931941258,-0.16997742771861657,0.20916243804430695,0.40372670807453415,0.5226998678153405,-0.21472718789903478,2.4342509811152335,0.45166402535657685,1.5700105603408414
12,60.0,0.25,2.0,80.0,False,0.0355528931941258,-0.16997742771861657,0.20916243804430695,0.40372670807453415,0.5523248516975929,-0.2147271878990349,2.5722166675851827,0.4546899841017488,1.6266608809926726
12,60.0,0.3,2.0,80.0,False,0.0355528931941258,-0.16997742771861657,0.20916243804430695,0.40372670807453415,0.5803312817284538,-0.19039214447903263,3.048084170260313,0.45527156549520764,1.6749775312759836
12,50.0,0.3,3.0,70.0,False,0.05183452898138108,-0.25227881829013676,0.20546524410054934,0.40131578947368424,0.8238501141089436,-0.25980839303656633,3.1709911465138543,0.5015527950310559,1.9328916602366701
8,50.0,0.2,3.0,70.0,True,0.031551858424257784,-0.15380363408484365,0.20514377707650677,0.4254742547425474,0.5141568367911085,-0.2754481708710923,1.8666191725474555,0.49409780775716694,1.5320204349800306
8,50.0,0.25,3.0,70.0,True,0.031551858424257784,-0.15380363408484365,0.20514377707650677,0.4254742547425474,0.5274377687000789,-0.26456872092957406,1.9935756836518792,0.49493243243243246,1.5523691770543002
8,50.0,0.3,3.0,70.0,True,0.031551858424257784,-0.15380363408484365,0.20514377707650677,0.4254742547425474,0.5630586231321355,-0.26456872092957384,2.1282131204089594,0.49829931972789115,1.6174586469085679
12,50.0,0.25,2.5,70.0,False,0.04898546533092296,-0.2466740883540377,0.19858374934223666,0.3873684210526316,0.7771458495657628,-0.2434250617535847,3.1925465848395476,0.4879518072289157,1.8816594564592553
8,50.0,0.2,2.0,70.0,True,0.028448840462336644,-0.14619889830149868,0.19458997839825046,0.3944020356234097,0.39507748769195494,-0.27090907200116254,1.4583398214521939,0.44264943457189015,1.2943315896816474
8,50.0,0.25,2.0,70.0,True,0.028448840462336644,-0.14619889830149868,0.19458997839825046,0.3944020356234097,0.40914336619697034,-0.27090907200116254,1.5102608531146369,0.44336569579288027,1.3245649055177324
8,50.0,0.3,2.0,70.0,True,0.028448840462336644,-0.14619889830149868,0.19458997839825046,0.3944020356234097,0.4263458241611944,-0.2709090720011632,1.5737598634547159,0.44390243902439025,1.3598028091973968
12,50.0,0.25,3.0,70.0,False,0.04985890205985477,-0.25728837635322244,0.19378606514040567,0.40131578947368424,0.7900976979397565,-0.25980839303656655,3.04107842208375,0.50231124807396,1.886378154960256
12,50.0,0.2,2.5,70.0,False,0.04737617679951378,-0.2466740883540377,0.1920598029393236,0.3873684210526316,0.7445295373405727,-0.2515714324156557,2.959515435402988,0.48502994011976047,1.840267344911638
8,50.0,0.3,2.5,80.0,False,0.046836013201174476,-0.24449269237320892,0.19156406167625273,0.4149184149184149,0.7619373391068975,-0.206436169157437,3.690910087203816,0.5106761565836299,1.8985607830353566
5,60.0,0.2,3.0,80.0,False,0.028963282959288517,-0.1518611805282002,0.19072209802761356,0.43641618497109824,0.40769413495581164,-0.13706872900719858,2.9743774375729446,0.5374149659863946,1.6099861195241127
5,60.0,0.25,3.0,80.0,False,0.028963282959288517,-0.1518611805282002,0.19072209802761356,0.43641618497109824,0.40495265383117895,-0.14047916479069888,2.8826527722778064,0.5396825396825397,1.5999890187542063
5,60.0,0.3,3.0,80.0,False,0.028963282959288517,-0.1518611805282002,0.19072209802761356,0.43641618497109824,0.4117771401583674,-0.14047916479069855,2.9312328327967974,0.5409090909090909,1.6194924100851538
12,50.0,0.2,3.0,70.0,False,0.04824827355591266,-0.25728837635322244,0.1875260524388177,0.40131578947368424,0.7620270435288155,-0.26777835724624277,2.8457379878093474,0.4992343032159265,1.8540842815922525
5,60.0,0.2,3.0,70.0,True,0.019784790622910275,-0.11088100423789793,0.17843264280382526,0.46283783783783783,0.32499611791107563,-0.18676910788668988,1.7400956806424652,0.4977973568281938,1.3842077860737696
5,60.0,0.25,3.0,70.0,True,0.019784790622910275,-0.11088100423789793,0.17843264280382526,0.46283783783783783,0.3300469534102075,-0.1867691078866901,1.7671388868572517,0.4977973568281938,1.3946022899394588
5,60.0,0.3,3.0,70.0,True,0.019784790622910275,-0.11088100423789793,0.17843264280382526,0.46283783783783783,0.34975306758761193,-0.18676910788669,1.872649452284164,0.5033112582781457,1.4475228664244055
8,50.0,0.3,3.0,80.0,False,0.04596901278274279,-0.2578991915071427,0.1782441135782686,0.427536231884058,0.7856231720707991,-0.22445493609687805,3.5001376478159187,0.5251798561151079,1.9132141467387251
5,50.0,0.2,2.0,80.0,True,0.0186949032114323,-0.10490395248702922,0.1782097124867037,0.423728813559322,0.2736834470926044,-0.14756049370745816,1.8547203266694654,0.47257383966244726,1.2277070618074661
5,50.0,0.25,2.0,80.0,True,0.0186949032114323,-0.10490395248702922,0.1782097124867037,0.423728813559322,0.27181724683773756,-0.14756049370745805,1.8420733084332266,0.47468354430379744,1.2196406099707964
5,50.0,0.3,2.0,80.0,True,0.0186949032114323,-0.10490395248702922,0.1782097124867037,0.423728813559322,0.27938701071168137,-0.14756049370745783,1.8933727022191504,0.47568710359408034,1.247807767735471
12,50.0,0.3,2.0,70.0,False,0.04116526151757349,-0.23195975192772167,0.17746725962355975,0.3699186991869919,0.7525815947128391,-0.23294870337370766,3.2306751821902657,0.4566813509544787,1.8623437734607415
8,50.0,0.25,2.5,80.0,False,0.04428363514700484,-0.2510585871565634,0.17638765376859622,0.4149184149184149,0.722885488235149,-0.2064361691574368,3.5017385334439455,0.5070671378091873,1.84281159853511
5,60.0,0.2,2.0,80.0,False,0.024276164626011454,-0.1382076705087527,0.1756499081176109,0.41046831955922863,0.3434267690338355,-0.16706913692771141,2.0555967149242633,0.48478260869565215,1.4477008136085778
5,60.0,0.25,2.0,80.0,False,0.024276164626011454,-0.1382076705087527,0.1756499081176109,0.41046831955922863,0.34232799142056036,-0.1670691369277113,2.0490199310042603,0.48695652173913045,1.4431158467448095
5,60.0,0.3,2.0,80.0,False,0.024276164626011454,-0.1382076705087527,0.1756499081176109,0.41046831955922863,0.34883455925642326,-0.1670691369277113,2.0879652919219875,0.4880174291938998,1.4633857400738937
8,50.0,0.2,2.5,80.0,False,0.042681559872253194,-0.2510585871565634,0.1700063732360464,0.4149184149184149,0.6953937906164713,-0.21787435683062284,3.191719304337755,0.5026455026455027,1.8071693368708335
12,50.0,0.25,2.0,70.0,False,0.03924225669218595,-0.23701991383465337,0.16556523060573552,0.3699186991869919,0.7351145711588709,-0.232948703373708,3.1556929079770977,0.45985401459854014,1.839506085669628
8,70.0,0.2,2.0,70.0,True,0.02188675181550681,-0.13291379094922273,0.16466878011077302,0.4192546583850932,0.21365299515023772,-0.2495422951052665,0.856179490775745,0.4397590361445783,0.907232822804979
8,70.0,0.25,2.0,70.0,True,0.02188675181550681,-0.13291379094922273,0.16466878011077302,0.4192546583850932,0.21775703283234216,-0.25391346321101327,0.8576033349258699,0.44064386317907445,0.9191474721647365
8,70.0,0.3,2.0,70.0,True,0.02188675181550681,-0.13291379094922273,0.16466878011077302,0.4192546583850932,0.229613193515654,-0.2553971256407469,0.8990437654284265,0.4415322580645161,0.9515267741929245
8,50.0,0.2,2.5,70.0,True,0.025208521297303887,-0.15355795073619083,0.16416291814555126,0.4114583333333333,0.4978083845666035,-0.2617642555635381,1.9017431677021706,0.48408710217755446,1.512164700158664
8,50.0,0.25,2.5,70.0,True,0.025208521297303887,-0.15355795073619083,0.16416291814555126,0.4114583333333333,0.5086297337696228,-0.2617642555635378,1.9430832245396608,0.4848993288590604,1.529473736135369
8,50.0,0.3,2.5,70.0,True,0.025208521297303887,-0.15355795073619083,0.16416291814555126,0.4114583333333333,0.5409699680712572,-0.2617642555635381,2.066630399580845,0.48817567567567566,1.5907194877063944
8,50.0,0.25,3.0,80.0,False,0.043384195357373034,-0.2644356781001622,0.1640633203093725,0.427536231884058,0.7427489971083829,-0.22445493609687794,3.3091230249790624,0.5214285714285715,1.8530961919324584
12,50.0,0.2,2.0,70.0,False,0.037647915588019165,-0.23701991383465337,0.15883861815207054,0.3699186991869919,0.6988566848041105,-0.24120787753252315,2.897321148683796,0.45718432510885343,1.7880545831091308
8,50.0,0.2,3.0,80.0,False,0.04178349994743935,-0.2644356781001622,0.15801006977436952,0.427536231884058,0.7123110548543792,-0.23563340674378885,3.022962935085414,0.5160142348754448,1.8164781274598805
12,50.0,0.3,2.0,80.0,False,0.037422698638385654,-0.24249164406532842,0.15432572442910156,0.3788187372708758,0.8015403470343399,-0.2179847216247235,3.677048286045706,0.45622119815668205,1.9386137053824886
12,50.0,0.25,2.0,80.0,False,0.035501268196410196,-0.24249164406532786,0.1464020268955992,0.3788187372708758,0.7650968462349916,-0.24124799228415672,3.171412284060849,0.45884146341463417,1.8882678219507576
5,50.0,0.2,2.5,80.0,True,0.014520111770530253,-0.10271331203816125,0.14136543240992533,0.436426116838488,0.3307965944865918,-0.14909910575233987,2.2186356706663246,0.5142857142857142,1.3976069960645232
5,50.0,0.25,2.5,80.0,True,0.014520111770530253,-0.10271331203816125,0.14136543240992533,0.436426116838488,0.32819627109786254,-0.14909910575233998,2.2011954360277026,0.5164835164835165,1.387459190108464
5,50.0,0.3,2.5,80.0,True,0.014520111770530253,-0.10271331203816125,0.14136543240992533,0.436426116838488,0.3483233291936245,-0.14377777755976773,2.4226506703988258,0.5209713024282561,1.455501905376145
12,70.0,0.2,3.0,70.0,False,0.02311741537585643,-0.1655706296221765,0.13962268204577805,0.44533333333333336,0.29766148932194425,-0.2610909232300084,1.140068316583028,0.47992351816443596,1.1070921037846648
12,70.0,0.25,3.0,70.0,False,0.02311741537585643,-0.1655706296221765,0.13962268204577805,0.44533333333333336,0.3029968801410263,-0.26406313664821235,1.1474410399990131,0.48084291187739464,1.119993211130806
12,70.0,0.3,3.0,70.0,False,0.02311741537585643,-0.1655706296221765,0.13962268204577805,0.44533333333333336,0.32708512419873004,-0.2551213021095603,1.282076884580439,0.4836852207293666,1.1769970154081155
12,50.0,0.2,2.0,80.0,False,0.033912666285093485,-0.24663876441737864,0.13749933578042176,0.3788187372708758,0.7204378654425121,-0.2493165525519596,2.889651160615848,0.45537065052950076,1.8280393704610995
5,60.0,0.2,2.5,80.0,False,0.020616425189713405,-0.1507292693654062,0.13677784863226486,0.42613636363636365,0.4049791823914035,-0.15051670009756668,2.6905930181095603,0.5259593679458239,1.6158417154762745
5,60.0,0.25,2.5,80.0,False,0.020616425189713405,-0.1507292693654062,0.13677784863226486,0.42613636363636365,0.40383565356584183,-0.15051670009756668,2.6829956629667726,0.5282167042889391,1.6112934883550254
5,60.0,0.3,2.5,80.0,False,0.020616425189713405,-0.1507292693654062,0.13677784863226486,0.42613636363636365,0.4106516637454807,-0.15051670009756712,2.728279742243155,0.5294117647058824,1.630960818379901
8,50.0,0.3,2.0,80.0,False,0.031214308239237543,-0.23757301242406204,0.13138827479074416,0.39461883408071746,0.659357615790455,-0.22016593055890799,2.9948212882739194,0.46337308347529815,1.74623595401507
5,60.0,0.2,2.0,70.0,True,0.012575113835445961,-0.0984980822006426,0.12766861602269777,0.4383116883116883,0.26269182794502677,-0.17410774748631797,1.5087888490755994,0.451063829787234,1.1843009247181202
5,60.0,0.25,2.0,70.0,True,0.012575113835445961,-0.0984980822006426,0.12766861602269777,0.4383116883116883,0.2688725850635443,-0.17410774748631852,1.5442884589881472,0.451063829787234,1.2035149507852685
5,60.0,0.3,2.0,70.0,True,0.012575113835445961,-0.0984980822006426,0.12766861602269777,0.4383116883116883,0.27792798239064,-0.17410774748631852,1.5962987655818115,0.4531914893617021,1.2286734718105972
8,70.0,0.2,2.5,70.0,True,0.01639967079188054,-0.13153329908859868,0.12468075312878747,0.42857142857142855,0.26035930009407315,-0.22567552157923987,1.1536887043491557,0.47010309278350515,1.0463475007036394
8,70.0,0.25,2.5,70.0,True,0.01639967079188054,-0.13153329908859868,0.12468075312878747,0.42857142857142855,0.2635194351200474,-0.23018570575283925,1.144812334276743,0.47107438016528924,1.0544113865396425
8,70.0,0.3,2.5,70.0,True,0.01639967079188054,-0.13153329908859868,0.12468075312878747,0.42857142857142855,0.2854935490600563,-0.2217046617554146,1.2877200993410498,0.474120082815735,1.1127589930102701
5,70.0,0.2,3.0,80.0,False,0.017741528142481533,-0.14572610371674122,0.12174571123487303,0.43548387096774194,0.27844310911862347,-0.14270825893722328,1.951135212441414,0.526829268292683,1.233217372849659
5,70.0,0.25,3.0,80.0,False,0.017741528142481533,-0.14572610371674122,0.12174571123487303,0.43548387096774194,0.2759467953930417,-0.14270825893722405,1.9336427859751826,0.5292682926829269,1.2225062622672127
5,70.0,0.3,3.0,80.0,False,0.017741528142481533,-0.14572610371674122,0.12174571123487303,0.43548387096774194,0.2918044902374677,-0.14270825893722372,2.044762457412015,0.5317073170731708,1.2752202401422392
8,50.0,0.25,2.0,80.0,False,0.028716607952184336,-0.24185232031170223,0.1187361275474803,0.39461883408071746,0.6374067845808244,-0.22016593055890832,2.895119980474353,0.46271186440677964,1.7146856091034621
5,50.0,0.2,3.0,70.0,True,0.012987644815276145,-0.11452894884680154,0.11340054148797728,0.45695364238410596,0.3330718429769799,-0.19073533862136993,1.7462513521847316,0.5053533190578159,1.3685256484883654
5,50.0,0.25,3.0,70.0,True,0.012987644815276145,-0.11452894884680154,0.11340054148797728,0.45695364238410596,0.33906674388097735,-0.1907353386213695,1.7776818199068078,0.5053533190578159,1.3777192531443578
5,50.0,0.3,3.0,70.0,True,0.012987644815276145,-0.11452894884680154,0.11340054148797728,0.45695364238410596,0.3666983854414485,-0.1907353386213697,1.922550839775866,0.5107296137339056,1.4578241985079534
8,50.0,0.2,2.0,80.0,False,0.027138414646402653,-0.24185232031170223,0.11221068547709748,0.39461883408071746,0.6122778085578928,-0.22016593055890832,2.7809834473643495,0.4602368866328257,1.6764873183518023
8,50.0,0.25,2.5,70.0,False,0.027758674158103513,-0.25187398833971564,0.1102085782699559,0.39955357142857145,0.7226272468151691,-0.26278970834005466,2.749830849083619,0.4959083469721768,1.836278744205826
8,50.0,0.3,2.5,70.0,False,0.027758674158103513,-0.25187398833971564,0.1102085782699559,0.39955357142857145,0.7618154824509693,-0.26278970834005444,2.8989547850373456,0.49917627677100496,1.894693100596979
8,50.0,0.2,2.5,70.0,False,0.026181950455018477,-0.25187398833971564,0.1039486079035105,0.39955357142857145,0.704548323108614,-0.2627897083400542,2.681034685715001,0.4950980392156863,1.815237287299421
8,50.0,0.25,3.0,70.0,False,0.025076234582233736,-0.265237711050742,0.09454249353492747,0.4097222222222222,0.7414361881019889,-0.27128325599856684,2.7330702198071,0.5049342105263158,1.8505712991480492
8,50.0,0.3,3.0,70.0,False,0.025076234582233736,-0.265237711050742,0.09454249353492747,0.4097222222222222,0.7843371022049628,-0.2712832559985675,2.891210883317857,0.5082781456953642,1.9125707091462416
5,60.0,0.2,3.0,70.0,False,0.014418102186045445,-0.15956775099694032,0.09035724384134429,0.44166666666666665,0.3921245664137447,-0.15744465709424904,2.490554926732206,0.5043103448275862,1.5281686661506761
5,60.0,0.25,3.0,70.0,False,0.014418102186045445,-0.15956775099694032,0.09035724384134429,0.44166666666666665,0.4018162081708354,-0.1574446570942496,2.5521107898269295,0.5043103448275862,1.5467245825704574
5,60.0,0.3,3.0,70.0,False,0.014418102186045445,-0.15956775099694032,0.09035724384134429,0.44166666666666665,0.42258566310107093,-0.15744465709424937,2.6840266980168344,0.509719222462203,1.5960059905862145
8,50.0,0.2,3.0,70.0,False,0.023503626111807563,-0.265237711050742,0.0886134404444138,0.4097222222222222,0.7211481416819732,-0.28206706488740585,2.556654893295811,0.5041050903119869,1.8283638244494744
5,60.0,0.2,2.5,70.0,True,0.009426189510469252,-0.11165645250385237,0.08442135943862294,0.44884488448844884,0.32641025827589676,-0.17595493392710582,1.8550787465335936,0.4923413566739606,1.39696283765462
5,60.0,0.25,2.5,70.0,True,0.009426189510469252,-0.11165645250385237,0.08442135943862294,0.44884488448844884,0.33253129046801644,-0.1759549339271057,1.8898662461251408,0.4923413566739606,1.411434694365261
5,60.0,0.3,2.5,70.0,True,0.009426189510469252,-0.11165645250385237,0.08442135943862294,0.44884488448844884,0.35227149420055426,-0.17595493392710615,2.0020552214039746,0.49780701754385964,1.4644282082204005
5,70.0,0.2,3.0,70.0,True,0.009552560083431416,-0.12612682966224253,0.07573773247938127,0.4377358490566038,0.2105894794224743,-0.1822267389270814,1.1556453276966248,0.48120300751879697,1.025813138169693
5,70.0,0.25,3.0,70.0,True,0.009552560083431416,-0.12612682966224253,0.07573773247938127,0.4377358490566038,0.21255734988194397,-0.18698531152080744,1.1367596104375872,0.48120300751879697,1.0307280418507636
5,70.0,0.3,3.0,70.0,True,0.009552560083431416,-0.12612682966224253,0.07573773247938127,0.4377358490566038,0.23046746306568,-0.17373357324337924,1.3265568580853604,0.48621553884711777,1.090771560926611
8,50.0,0.25,2.0,70.0,False,0.017078416272331864,-0.24268216796356712,0.07037359364160525,0.38362068965517243,0.6200621741784766,-0.267869819527389,2.3147892333390585,0.45714285714285713,1.6832829879951197
8,50.0,0.3,2.0,70.0,False,0.017078416272331864,-0.24268216796356712,0.07037359364160525,0.38362068965517243,0.6419805301613581,-0.2678698195273891,2.3966138898888425,0.45773524720893144,1.7182733892509976
5,70.0,0.2,2.5,80.0,False,0.0101640814040318,-0.15400380123262114,0.0659988995250777,0.42356687898089174,0.269672359505418,-0.15235741666269598,1.769998241060004,0.5121359223300971,1.2139516726733555
5,70.0,0.25,2.5,80.0,False,0.0101640814040318,-0.15400380123262114,0.0659988995250777,0.42356687898089174,0.2686322630051148,-0.15235741666269587,1.7631715533733407,0.5145631067961165,1.208803086407113
5,70.0,0.3,2.5,80.0,False,0.0101640814040318,-0.15400380123262114,0.0659988995250777,0.42356687898089174,0.2843962734398562,-0.15235741666269587,1.866638852701744,0.5169902912621359,1.2621640604106323
8,50.0,0.2,2.0,70.0,False,0.015518077559407484,-0.24268216796356712,0.06394403713146797,0.38362068965517243,0.5974432181609781,-0.26786981952738953,2.2303491271060865,0.45641838351822506,1.6461883572337006
12,70.0,0.2,2.5,70.0,False,0.010826873945491533,-0.17092276750596747,0.06334366160502013,0.42597402597402595,0.287282009467972,-0.23929249187129198,1.2005475275107758,0.4678030303030303,1.0871757968509876
12,70.0,0.25,2.5,70.0,False,0.010826873945491533,-0.17092276750596747,0.06334366160502013,0.42597402597402595,0.29406739160486484,-0.24235238805345416,1.2133876375916057,0.4686907020872865,1.1052812177676696
12,70.0,0.3,2.5,70.0,False,0.010826873945491533,-0.17092276750596747,0.06334366160502013,0.42597402597402595,0.3180604355229255,-0.23961784720855028,1.3273653829553984,0.4714828897338403,1.1641460027009358
5,50.0,0.2,2.0,70.0,True,0.0067922084431579766,-0.10964097205988443,0.061949546009571706,0.43312101910828027,0.2650335625880247,-0.18153533489515705,1.459955786244539,0.45790554414784396,1.168134869606866
5,50.0,0.25,2.0,70.0,True,0.0067922084431579766,-0.10964097205988443,0.061949546009571706,0.43312101910828027,0.2710759123711959,-0.18153533489515639,1.4932404896696978,0.45790554414784396,1.1851998477081154
5,50.0,0.3,2.0,70.0,True,0.0067922084431579766,-0.10964097205988443,0.061949546009571706,0.43312101910828027,0.28312233204286663,-0.18153533489515739,1.5595990290616373,0.459958932238193,1.2216925762845867
5,60.0,0.2,2.0,70.0,False,0.008677222146804331,-0.14468196415009904,0.059974456372476545,0.41578947368421054,0.32399952593651804,-0.18482903420066743,1.7529687764572437,0.4602510460251046,1.3381936429507544
5,60.0,0.25,2.0,70.0,False,0.008677222146804331,-0.14468196415009904,0.059974456372476545,0.41578947368421054,0.3355289817730924,-0.15494810582372642,2.165428096002672,0.4602510460251046,1.371633636911348
5,60.0,0.3,2.0,70.0,False,0.008677222146804331,-0.14468196415009904,0.059974456372476545,0.41578947368421054,0.34506007710462283,-0.15494810582372642,2.226939627756234,0.46234309623430964,1.3948090090364118
5,60.0,0.2,2.5,70.0,False,0.008737039793721424,-0.1589809264755967,0.054956528354755466,0.42934782608695654,0.3992642367746737,-0.14046053891508192,2.8425367000482353,0.5010752688172043,1.5573062410165117
5,60.0,0.25,2.5,70.0,False,0.008737039793721424,-0.1589809264755967,0.054956528354755466,0.42934782608695654,0.41062905496395774,-0.14046053891508126,2.923447810578409,0.5010752688172043,1.5815087686768936
5,60.0,0.3,2.5,70.0,False,0.008737039793721424,-0.1589809264755967,0.054956528354755466,0.42934782608695654,0.4315262039729284,-0.14046053891508137,3.0722237527069254,0.5064655172413793,1.6306676305325363
5,50.0,0.25,3.0,80.0,False,0.011607102200949182,-0.218973176538922,0.0530069590458996,0.42492917847025496,0.4400279289499327,-0.181748243193517,2.421084909642904,0.5366379310344828,1.6176306023120235
5,50.0,0.3,3.0,80.0,False,0.011607102200949182,-0.218973176538922,0.0530069590458996,0.42492917847025496,0.4665375495719246,-0.18174824319351646,2.566943929549727,0.5411255411255411,1.693557885063384
8,70.0,0.2,3.0,70.0,False,0.008624433636613249,-0.17807922155636957,0.0484303197264553,0.43454038997214484,0.2864885413321361,-0.245262537613117,1.1680892814704948,0.49183673469387756,1.0751847970083777
8,70.0,0.25,3.0,70.0,False,0.008624433636613249,-0.17807922155636957,0.0484303197264553,0.43454038997214484,0.2917102952073909,-0.24965863389183518,1.1684366395026202,0.49284253578732107,1.0878708787601985
8,70.0,0.3,3.0,70.0,False,0.008624433636613249,-0.17807922155636957,0.0484303197264553,0.43454038997214484,0.3155958017355305,-0.23493613753586307,1.3433259142065987,0.4959016393442623,1.145262203655898
5,50.0,0.2,3.0,80.0,False,0.010055157413989102,-0.218973176538922,0.045919585096770146,0.42492917847025496,0.43928564936158176,-0.18174824319351723,2.417000800903756,0.5344827586206896,1.619663522942425
12,70.0,0.2,2.0,70.0,False,0.0070584835101148435,-0.1703205323370235,0.04144235232982831,0.4080604534005038,0.2435842209750727,-0.25975894789721155,0.9377317815109903,0.43807763401109057,0.9706132125903718
12,70.0,0.25,2.0,70.0,False,0.0070584835101148435,-0.1703205323370235,0.04144235232982831,0.4080604534005038,0.2517192466190912,-0.2627365190990262,0.9580672206600158,0.4388888888888889,0.9939668704770954
12,70.0,0.3,2.0,70.0,False,0.0070584835101148435,-0.1703205323370235,0.04144235232982831,0.4080604534005038,0.26533741658584287,-0.26420263606199246,1.0042951143136367,0.4397031539888683,1.0280858066228327
5,70.0,0.2,2.0,80.0,False,0.006548004596778512,-0.15862401739675414,0.04128003252118176,0.4012345679012346,0.24683249996581957,-0.1489793773189665,1.6568232758642054,0.48,1.1452458365008957
5,70.0,0.25,2.0,80.0,False,0.006548004596778512,-0.15862401739675414,0.04128003252118176,0.4012345679012346,0.24580615144007023,-0.1489793773189666,1.6499340772098703,0.4823529411764706,1.140061125115367
5,70.0,0.3,2.0,80.0,False,0.006548004596778512,-0.15862401739675414,0.04128003252118176,0.4012345679012346,0.25177191006664135,-0.1489793773189665,1.6899782681169013,0.4823529411764706,1.161190732646386
5,70.0,0.2,2.0,70.0,True,0.003723331929883056,-0.13542810958084306,0.027493051046839235,0.42028985507246375,0.17748279675439882,-0.18842151836584564,0.9419454757274176,0.4441747572815534,0.9035215196364806
5,70.0,0.25,2.0,70.0,True,0.003723331929883056,-0.13542810958084306,0.027493051046839235,0.42028985507246375,0.18032438428877073,-0.19315838082742487,0.9335571333551376,0.4441747572815534,0.9129687052882096
5,70.0,0.3,2.0,70.0,True,0.003723331929883056,-0.13542810958084306,0.027493051046839235,0.42028985507246375,0.1887469801701671,-0.19473007364042805,0.969274938593672,0.44660194174757284,0.9414828128834292
5,50.0,0.2,2.5,70.0,True,0.0027088408086388682,-0.1118065953958649,0.024227916063876972,0.44336569579288027,0.3452455332131723,-0.17476484515740254,1.9754861620037243,0.5010660980810234,1.418259314132791
5,50.0,0.25,2.5,70.0,True,0.0027088408086388682,-0.1118065953958649,0.024227916063876972,0.44336569579288027,0.348374780525073,-0.1747648451574021,1.9933916355506678,0.5010660980810234,1.4202163895272066
5,50.0,0.3,2.5,70.0,True,0.0027088408086388682,-0.1118065953958649,0.024227916063876972,0.44336569579288027,0.3735265184707932,-0.17476484515740187,2.1373092405075904,0.5064102564102564,1.4916838663497267
5,50.0,0.25,2.5,80.0,False,0.004433787686216606,-0.20577871654457314,0.02154638614074656,0.4143646408839779,0.44755134946470876,-0.16725355963018695,2.675885347099853,0.5257510729613734,1.6610132799215673
5,50.0,0.3,2.5,80.0,False,0.004433787686216606,-0.20577871654457314,0.02154638614074656,0.4143646408839779,0.4712933687409129,-0.1672535596301873,2.817837598093488,0.5301724137931034,1.7285630862758141
5,50.0,0.2,2.5,80.0,False,0.0028928477528622487,-0.20577871654457314,0.014058051296260452,0.4143646408839779,0.4494522415379416,-0.1672535596301874,2.6872506781423415,0.5236051502145923,1.6680019783962812
5,50.0,0.25,3.0,70.0,False,0.001344186490910948,-0.2189732374769322,0.00613858801376379,0.4363143631436314,0.462947460427386,-0.20521632430308745,2.2558997779516363,0.5135135135135135,1.6420608790899927
5,50.0,0.3,3.0,70.0,False,0.001344186490910948,-0.2189732374769322,0.00613858801376379,0.4363143631436314,0.4931355180479442,-0.20521632430308745,2.4030033659487247,0.51875,1.7153540758816117
5,50.0,0.25,2.0,80.0,False,7.135525365331574e-05,-0.20474493278980255,0.00034850803231634185,0.40214477211796246,0.39645350985033945,-0.15751121031958726,2.5169859913205084,0.48760330578512395,1.5468773662854458
5,50.0,0.3,2.0,80.0,False,7.135525365331574e-05,-0.20474493278980255,0.00034850803231634185,0.40214477211796246,0.4064868192498745,-0.15751121031958737,2.580685009182014,0.4886128364389234,1.5776557969451224
5,50.0,0.2,3.0,70.0,False,-0.00019201356817921678,-0.2189732374769322,-0.0008768814417307252,0.4363143631436314,0.45195717804489877,-0.20521632430308812,2.2023451573832604,0.5135135135135135,1.6279652024249907
8,70.0,0.2,2.5,70.0,False,-0.0005048804905228854,-0.18505948515518622,-0.0027282065012744707,0.4223433242506812,0.27901231854200037,-0.22275949945770523,1.2525271390052468,0.4796747967479675,1.0640428705664216
8,70.0,0.25,2.5,70.0,False,-0.0005048804905228854,-0.18505948515518622,-0.0027282065012744707,0.4223433242506812,0.2856525994737167,-0.2272866684964212,1.2567943441795597,0.48065173116089616,1.0816503664071855
8,70.0,0.3,2.5,70.0,False,-0.0005048804905228854,-0.18505948515518622,-0.0027282065012744707,0.4223433242506812,0.309556111450382,-0.21877368580585277,1.4149604433007206,0.48367346938775513,1.141599046798442
5,70.0,0.2,2.5,70.0,True,-0.0004110699687541741,-0.13319024194749018,-0.003086336977420892,0.4280442804428044,0.21382243665503764,-0.15903163350100202,1.3445277014883357,0.47381546134663344,1.04453285984403
5,70.0,0.25,2.5,70.0,True,-0.0004110699687541741,-0.13319024194749018,-0.003086336977420892,0.4280442804428044,0.2167677407710331,-0.16392517699462605,1.322357826571933,0.47381546134663344,1.0536744839872656
5,70.0,0.3,2.5,70.0,True,-0.0004110699687541741,-0.13319024194749018,-0.003086336977420892,0.4280442804428044,0.23473924425825277,-0.15742481825505816,1.491119677698662,0.47880299251870323,1.1137917581690921
5,50.0,0.2,2.0,80.0,False,-0.0014656967414276023,-0.20474493278980255,-0.007158647207803339,0.40214477211796246,0.3976059337036102,-0.1575112103195877,2.5243024474059603,0.4855371900826446,1.5519572301365239
8,70.0,0.2,2.0,70.0,False,-0.0013775727395519688,-0.18393344266113598,-0.0074895175103632285,0.40369393139841686,0.23568624347613554,-0.24671615266790747,0.9552931209712128,0.44841269841269843,0.9453662858020615
8,70.0,0.25,2.0,70.0,False,-0.0013775727395519688,-0.18393344266113598,-0.0074895175103632285,0.40369393139841686,0.24367466261891324,-0.25110378211931605,0.9704141473389964,0.44930417495029823,0.9682176470846513
8,70.0,0.3,2.0,70.0,False,-0.0013775727395519688,-0.18393344266113598,-0.0074895175103632285,0.40369393139841686,0.2572659644365509,-0.2525930318610706,1.018499847525685,0.450199203187251,1.0032476214630939
5,50.0,0.25,2.5,70.0,False,-0.004098407431144646,-0.20577877501941755,-0.019916570262204714,0.42216358839050133,0.47563089565799954,-0.18324003384249288,2.595671293462193,0.5103734439834025,1.689613397203069
5,50.0,0.3,2.5,70.0,False,-0.004098407431144646,-0.20577877501941755,-0.019916570262204714,0.42216358839050133,0.5031565273172549,-0.18324003384249288,2.745887548513289,0.5155925155925156,1.7547643364373162
5,50.0,0.2,2.5,70.0,False,-0.005626257800670387,-0.20577877501941755,-0.027341293095653262,0.42216358839050133,0.4672004629339197,-0.183240033842493,2.54966370141314,0.5103734439834025,1.6802852460803912
5,70.0,0.2,3.0,70.0,False,-0.006969202051777756,-0.17682245973460187,-0.03941355675199882,0.42857142857142855,0.23538596423353075,-0.1791471058735934,1.3139255757758075,0.49261083743842365,1.0798120317604625
5,70.0,0.25,3.0,70.0,False,-0.006969202051777756,-0.17682245973460187,-0.03941355675199882,0.42857142857142855,0.2402440497614975,-0.18392359866371655,1.3062165568038744,0.49261083743842365,1.0942989941314398
5,70.0,0.3,3.0,70.0,False,-0.006969202051777756,-0.17682245973460187,-0.03941355675199882,0.42857142857142855,0.2585631101414838,-0.17062195597738006,1.5154152269580266,0.4975369458128079,1.1513969779951656
5,50.0,0.25,2.0,70.0,False,-0.009519190442687231,-0.2047449913500321,-0.04649290993601509,0.4117647058823529,0.40053560609559646,-0.17694504261916488,2.2636158672026823,0.4708249496981891,1.5151448349953152
5,50.0,0.3,2.0,70.0,False,-0.009519190442687231,-0.2047449913500321,-0.04649290993601509,0.4117647058823529,0.4138099223789391,-0.17694504261916455,2.3386352974554607,0.47283702213279677,1.547874104310257
5,50.0,0.2,2.0,70.0,False,-0.011041502322156505,-0.2047449913500321,-0.053928070471232915,0.4117647058823529,0.3887366818609561,-0.17694504261916522,2.196934574186547,0.4708249496981891,1.4873983143844662
5,70.0,0.2,2.5,70.0,False,-0.013433941931537907,-0.18473359143559143,-0.07272062339686466,0.4205607476635514,0.23573608742113317,-0.16074622160220142,1.466510908135117,0.4852941176470588,1.0874800186867608
5,70.0,0.25,2.5,70.0,False,-0.013433941931537907,-0.18473359143559143,-0.07272062339686466,0.4205607476635514,0.24202471051487984,-0.16077662252026614,1.5053476476928245,0.4852941176470588,1.1080528088166635
5,70.0,0.3,2.5,70.0,False,-0.013433941931537907,-0.18473359143559143,-0.07272062339686466,0.4205607476635514,0.26036925620614326,-0.1542517842328991,1.6879497213012544,0.49019607843137253,1.16535988687544
5,70.0,0.2,2.0,70.0,False,-0.01627439235779249,-0.1812801178629021,-0.08977483327818901,0.40181268882175225,0.20081517457189402,-0.18536521408620832,1.083348758621455,0.45454545454545453,0.9628835394737943
5,70.0,0.25,2.0,70.0,False,-0.01627439235779249,-0.1812801178629021,-0.08977483327818901,0.40181268882175225,0.20691030122868348,-0.19011991498651082,1.0883147157064736,0.45454545454545453,0.9838615036254879
5,70.0,0.3,2.0,70.0,False,-0.01627439235779249,-0.1812801178629021,-0.08977483327818901,0.40181268882175225,0.21552260973273163,-0.19169752660044093,1.1242847706739054,0.4569377990430622,1.0108725669618561
