date,close,volume
2009-01-02,39.189999,0
2009-01-05,39.080002,0
2009-01-06,38.560001,0
2009-01-07,43.389999,0
2009-01-08,42.560001,0
2009-01-09,42.82,0
2009-01-12,45.84,0
2009-01-13,43.27,0
2009-01-14,49.139999,0
2009-01-15,51.0,0
2009-01-16,46.110001,0
2009-01-20,56.650002,0
2009-01-21,46.419998,0
2009-01-22,47.290001,0
2009-01-23,47.27,0
2009-01-26,45.689999,0
2009-01-27,42.25,0
2009-01-28,39.66,0
2009-01-29,42.630001,0
2009-01-30,44.84,0
2009-02-02,45.52,0
2009-02-03,43.060001,0
2009-02-04,43.849998,0
2009-02-05,43.73,0
2009-02-06,43.369999,0
2009-02-09,43.639999,0
2009-02-10,46.669998,0
2009-02-11,44.529999,0
2009-02-12,41.25,0
2009-02-13,42.93,0
2009-02-17,48.66,0
2009-02-18,48.459999,0
2009-02-19,47.080002,0
2009-02-20,49.299999,0
2009-02-23,52.619999,0
2009-02-24,45.490002,0
2009-02-25,44.669998,0
2009-02-26,44.66,0
2009-02-27,46.349998,0
2009-03-02,52.650002,0
2009-03-03,50.93,0
2009-03-04,47.560001,0
2009-03-05,50.169998,0
2009-03-06,49.330002,0
2009-03-09,49.68,0
2009-03-10,44.369999,0
2009-03-11,43.610001,0
2009-03-12,41.18,0
2009-03-13,42.360001,0
2009-03-16,43.740002,0
2009-03-17,40.799999,0
2009-03-18,40.060001,0
2009-03-19,43.68,0
2009-03-20,45.889999,0
2009-03-23,43.23,0
2009-03-24,42.93,0
2009-03-25,42.25,0
2009-03-26,40.360001,0
2009-03-27,41.040001,0
2009-03-30,45.540001,0
2009-03-31,44.139999,0
2009-04-01,42.279999,0
2009-04-02,42.040001,0
2009-04-03,39.700001,0
2009-04-06,40.93,0
2009-04-07,40.389999,0
2009-04-08,38.849998,0
2009-04-09,36.529999,0
2009-04-13,37.810001,0
2009-04-14,37.669998,0
2009-04-15,36.169998,0
2009-04-16,35.790001,0
2009-04-17,33.939999,0
2009-04-20,39.18,0
2009-04-21,37.139999,0
2009-04-22,38.099998,0
2009-04-23,37.150002,0
2009-04-24,36.82,0
2009-04-27,38.32,0
2009-04-28,37.950001,0
2009-04-29,36.080002,0
2009-04-30,36.5,0
2009-05-01,35.299999,0
2009-05-04,34.529999,0
2009-05-05,33.360001,0
2009-05-06,32.450001,0
2009-05-07,33.439999,0
2009-05-08,32.049999,0
2009-05-11,32.869999,0
2009-05-12,31.799999,0
2009-05-13,33.650002,0
2009-05-14,31.370001,0
2009-05-15,33.119999,0
2009-05-18,30.24,0
2009-05-19,28.799999,0
2009-05-20,29.030001,0
2009-05-21,31.35,0
2009-05-22,32.630001,0
2009-05-26,30.620001,0
2009-05-27,32.360001,0
2009-05-28,31.67,0
2009-05-29,28.92,0
2009-06-01,30.040001,0
2009-06-02,29.629999,0
2009-06-03,31.02,0
2009-06-04,30.18,0
2009-06-05,29.620001,0
2009-06-08,29.77,0
2009-06-09,28.27,0
2009-06-10,28.459999,0
2009-06-11,28.110001,0
2009-06-12,28.15,0
2009-06-15,30.809999,0
2009-06-16,32.68,0
2009-06-17,31.540001,0
2009-06-18,30.030001,0
2009-06-19,27.99,0
2009-06-22,31.17,0
2009-06-23,30.58,0
2009-06-24,29.049999,0
2009-06-25,26.360001,0
2009-06-26,25.93,0
2009-06-29,25.35,0
2009-06-30,26.35,0
2009-07-01,26.219999,0
2009-07-02,27.950001,0
2009-07-06,29.0,0
2009-07-07,30.85,0
2009-07-08,31.299999,0
2009-07-09,29.780001,0
2009-07-10,29.02,0
2009-07-13,26.309999,0
2009-07-14,25.02,0
2009-07-15,25.889999,0
2009-07-16,25.42,0
2009-07-17,24.34,0
2009-07-20,24.4,0
2009-07-21,23.870001,0
2009-07-22,23.469999,0
2009-07-23,23.43,0
2009-07-24,23.09,0
2009-07-27,24.280001,0
2009-07-28,25.01,0
2009-07-29,25.610001,0
2009-07-30,25.4,0
2009-07-31,25.92,0
2009-08-03,25.559999,0
2009-08-04,24.889999,0
2009-08-05,24.9,0
2009-08-06,25.67,0
2009-08-07,24.76,0
2009-08-10,24.99,0
2009-08-11,25.99,0
2009-08-12,25.450001,0
2009-08-13,24.709999,0
2009-08-14,24.27,0
2009-08-17,27.889999,0
2009-08-18,26.18,0
2009-08-19,26.26,0
2009-08-20,25.09,0
2009-08-21,25.01,0
2009-08-24,25.139999,0
2009-08-25,24.92,0
2009-08-26,24.950001,0
2009-08-27,24.68,0
2009-08-28,24.76,0
2009-08-31,26.01,0
2009-09-01,29.15,0
2009-09-02,28.9,0
2009-09-03,27.1,0
2009-09-04,25.26,0
2009-09-08,25.620001,0
2009-09-09,24.32,0
2009-09-10,23.549999,0
2009-09-11,24.15,0
2009-09-14,23.860001,0
2009-09-15,23.42,0
2009-09-16,23.690001,0
2009-09-17,23.65,0
2009-09-18,23.92,0
2009-09-21,24.059999,0
2009-09-22,23.08,0
2009-09-23,23.49,0
2009-09-24,24.950001,0
2009-09-25,25.610001,0
2009-09-28,24.879999,0
2009-09-29,25.190001,0
2009-09-30,25.610001,0
2009-10-01,28.27,0
2009-10-02,28.68,0
2009-10-05,26.84,0
2009-10-06,25.700001,0
2009-10-07,24.68,0
2009-10-08,24.18,0
2009-10-09,23.120001,0
2009-10-12,23.01,0
2009-10-13,22.99,0
2009-10-14,22.860001,0
2009-10-15,21.719999,0
2009-10-16,21.43,0
2009-10-19,21.49,0
2009-10-20,20.9,0
2009-10-21,22.219999,0
2009-10-22,20.690001,0
2009-10-23,22.27,0
2009-10-26,24.309999,0
2009-10-27,24.83,0
2009-10-28,27.91,0
2009-10-29,24.76,0
2009-10-30,30.690001,0
2009-11-02,29.780001,0
2009-11-03,28.809999,0
2009-11-04,27.719999,0
2009-11-05,25.43,0
2009-11-06,24.190001,0
2009-11-09,23.15,0
2009-11-10,22.84,0
2009-11-11,23.040001,0
2009-11-12,24.24,0
2009-11-13,23.360001,0
2009-11-16,22.889999,0
2009-11-17,22.41,0
2009-11-18,21.629999,0
2009-11-19,22.629999,0
2009-11-20,22.190001,0
2009-11-23,21.16,0
2009-11-24,20.469999,0
2009-11-25,20.48,0
2009-11-27,24.74,0
2009-11-30,24.51,0
2009-12-01,21.92,0
2009-12-02,21.120001,0
2009-12-03,22.459999,0
2009-12-04,21.25,0
2009-12-07,22.1,0
2009-12-08,23.690001,0
2009-12-09,22.66,0
2009-12-10,22.32,0
2009-12-11,21.59,0
2009-12-14,21.15,0
2009-12-15,21.49,0
2009-12-16,20.540001,0
2009-12-17,22.51,0
2009-12-18,21.68,0
2009-12-21,20.49,0
2009-12-22,19.540001,0
2009-12-23,19.709999,0
2009-12-24,19.469999,0
2009-12-28,19.93,0
2009-12-29,20.01,0
2009-12-30,19.959999,0
2009-12-31,21.68,0
2010-01-04,20.040001,0
2010-01-05,19.35,0
2010-01-06,19.16,0
2010-01-07,19.059999,0
2010-01-08,18.129999,0
2010-01-11,17.549999,0
2010-01-12,18.25,0
2010-01-13,17.85,0
2010-01-14,17.629999,0
2010-01-15,17.91,0
2010-01-19,17.58,0
2010-01-20,18.68,0
2010-01-21,22.27,0
2010-01-22,27.309999,0
2010-01-25,25.41,0
2010-01-26,24.549999,0
2010-01-27,23.139999,0
2010-01-28,23.73,0
2010-01-29,24.620001,0
2010-02-01,22.59,0
2010-02-02,21.48,0
2010-02-03,21.6,0
2010-02-04,26.08,0
2010-02-05,26.110001,0
2010-02-08,26.51,0
2010-02-09,26.0,0
2010-02-10,25.4,0
2010-02-11,23.959999,0
2010-02-12,22.73,0
2010-02-16,22.25,0
2010-02-17,21.719999,0
2010-02-18,20.629999,0
2010-02-19,20.02,0
2010-02-22,19.940001,0
2010-02-23,21.370001,0
2010-02-24,20.27,0
2010-02-25,20.1,0
2010-02-26,19.5,0
2010-03-01,19.26,0
2010-03-02,19.059999,0
2010-03-03,18.83,0
2010-03-04,18.719999,0
2010-03-05,17.42,0
2010-03-08,17.790001,0
2010-03-09,17.92,0
2010-03-10,18.57,0
2010-03-11,18.059999,0
2010-03-12,17.58,0
2010-03-15,18.0,0
2010-03-16,17.690001,0
2010-03-17,16.91,0
2010-03-18,16.620001,0
2010-03-19,16.969999,0
2010-03-22,16.870001,0
2010-03-23,16.35,0
2010-03-24,17.549999,0
2010-03-25,18.4,0
2010-03-26,17.77,0
2010-03-29,17.59,0
2010-03-30,17.129999,0
2010-03-31,17.59,0
2010-04-01,17.469999,0
2010-04-05,17.02,0
2010-04-06,16.23,0
2010-04-07,16.620001,0
2010-04-08,16.48,0
2010-04-09,16.139999,0
2010-04-12,15.58,0
2010-04-13,16.200001,0
2010-04-14,15.59,0
2010-04-15,15.89,0
2010-04-16,18.360001,0
2010-04-19,17.34,0
2010-04-20,15.73,0
2010-04-21,16.32,0
2010-04-22,16.469999,0
2010-04-23,16.620001,0
2010-04-26,17.469999,0
2010-04-27,22.809999,0
2010-04-28,21.08,0
2010-04-29,18.440001,0
2010-04-30,22.049999,0
2010-05-03,20.190001,0
2010-05-04,23.84,0
2010-05-05,24.91,0
2010-05-06,32.799999,0
2010-05-07,40.950001,0
2010-05-10,28.84,0
2010-05-11,28.32,0
2010-05-12,25.52,0
2010-05-13,26.68,0
2010-05-14,31.24,0
2010-05-17,30.84,0
2010-05-18,33.549999,0
2010-05-19,35.32,0
2010-05-20,45.790001,0
2010-05-21,40.099998,0
2010-05-24,38.32,0
2010-05-25,34.610001,0
2010-05-26,35.02,0
2010-05-27,29.68,0
2010-05-28,32.07,0
2010-06-01,35.540001,0
2010-06-02,30.17,0
2010-06-03,29.459999,0
2010-06-04,35.48,0
2010-06-07,36.57,0
2010-06-08,33.700001,0
2010-06-09,33.73,0
2010-06-10,30.57,0
2010-06-11,28.790001,0
2010-06-14,28.58,0
2010-06-15,25.870001,0
2010-06-16,25.92,0
2010-06-17,25.049999,0
2010-06-18,23.950001,0
2010-06-21,24.879999,0
2010-06-22,27.049999,0
2010-06-23,26.91,0
2010-06-24,29.74,0
2010-06-25,28.530001,0
2010-06-28,29.0,0
2010-06-29,34.130001,0
2010-06-30,34.540001,0
2010-07-01,32.860001,0
2010-07-02,30.120001,0
2010-07-06,29.65,0
2010-07-07,26.84,0
2010-07-08,25.709999,0
2010-07-09,24.98,0
2010-07-12,24.43,0
2010-07-13,24.559999,0
2010-07-14,24.889999,0
2010-07-15,25.139999,0
2010-07-16,26.25,0
2010-07-19,25.969999,0
2010-07-20,23.93,0
2010-07-21,25.639999,0
2010-07-22,24.629999,0
2010-07-23,23.469999,0
2010-07-26,22.73,0
2010-07-27,23.190001,0
2010-07-28,24.25,0
2010-07-29,24.129999,0
2010-07-30,23.5,0
2010-08-02,22.01,0
2010-08-03,22.629999,0
2010-08-04,22.209999,0
2010-08-05,22.1,0
2010-08-06,21.74,0
2010-08-09,22.139999,0
2010-08-10,22.370001,0
2010-08-11,25.389999,0
2010-08-12,25.73,0
2010-08-13,26.24,0
2010-08-16,26.1,0
2010-08-17,24.33,0
2010-08-18,24.59,0
2010-08-19,26.440001,0
2010-08-20,25.49,0
2010-08-23,25.66,0
2010-08-24,27.459999,0
2010-08-25,26.700001,0
2010-08-26,27.370001,0
2010-08-27,24.450001,0
2010-08-30,27.209999,0
2010-08-31,26.049999,0
2010-09-01,23.889999,0
2010-09-02,23.190001,0
2010-09-03,21.309999,0
2010-09-07,23.799999,0
2010-09-08,23.25,0
2010-09-09,22.809999,0
2010-09-10,21.99,0
2010-09-13,21.209999,0
2010-09-14,21.559999,0
2010-09-15,22.1,0
2010-09-16,21.719999,0
2010-09-17,22.01,0
2010-09-20,21.5,0
2010-09-21,22.35,0
2010-09-22,22.51,0
2010-09-23,23.870001,0
2010-09-24,21.709999,0
2010-09-27,22.540001,0
2010-09-28,22.6,0
2010-09-29,23.25,0
2010-09-30,23.700001,0
2010-10-01,22.5,0
2010-10-04,23.530001,0
2010-10-05,21.76,0
2010-10-06,21.49,0
2010-10-07,21.559999,0
2010-10-08,20.709999,0
2010-10-11,18.959999,0
2010-10-12,18.93,0
2010-10-13,19.07,0
2010-10-14,19.879999,0
2010-10-15,19.030001,0
2010-10-18,19.09,0
2010-10-19,20.629999,0
2010-10-20,19.790001,0
2010-10-21,19.27,0
2010-10-22,18.780001,0
2010-10-25,19.85,0
2010-10-26,20.219999,0
2010-10-27,20.709999,0
2010-10-28,20.879999,0
2010-10-29,21.200001,0
2010-11-01,21.83,0
2010-11-02,21.57,0
2010-11-03,19.559999,0
2010-11-04,18.52,0
2010-11-05,18.26,0
2010-11-08,18.290001,0
2010-11-09,19.08,0
2010-11-10,18.469999,0
2010-11-11,18.639999,0
2010-11-12,20.610001,0
2010-11-15,20.200001,0
2010-11-16,22.58,0
2010-11-17,21.76,0
2010-11-18,18.75,0
2010-11-19,18.040001,0
2010-11-22,18.370001,0
2010-11-23,20.629999,0
2010-11-24,19.559999,0
2010-11-26,22.219999,0
2010-11-29,21.530001,0
2010-11-30,23.540001,0
2010-12-01,21.360001,0
2010-12-02,19.389999,0
2010-12-03,18.01,0
2010-12-06,18.02,0
2010-12-07,17.99,0
2010-12-08,17.74,0
2010-12-09,17.25,0
2010-12-10,17.610001,0
2010-12-13,17.549999,0
2010-12-14,17.610001,0
2010-12-15,17.940001,0
2010-12-16,17.389999,0
2010-12-17,16.110001,0
2010-12-20,16.41,0
2010-12-21,16.49,0
2010-12-22,15.45,0
2010-12-23,16.469999,0
2010-12-27,17.67,0
2010-12-28,17.52,0
2010-12-29,17.280001,0
2010-12-30,17.52,0
2010-12-31,17.75,0
2011-01-03,17.610001,0
2011-01-04,17.379999,0
2011-01-05,17.02,0
2011-01-06,17.4,0
2011-01-07,17.139999,0
2011-01-10,17.540001,0
2011-01-11,16.889999,0
2011-01-12,16.24,0
2011-01-13,16.389999,0
2011-01-14,15.46,0
2011-01-18,15.87,0
2011-01-19,17.309999,0
2011-01-20,17.99,0
2011-01-21,18.469999,0
2011-01-24,17.65,0
2011-01-25,17.59,0
2011-01-26,16.639999,0
2011-01-27,16.15,0
2011-01-28,20.040001,0
2011-01-31,19.530001,0
2011-02-01,17.629999,0
2011-02-02,17.299999,0
2011-02-03,16.690001,0
2011-02-04,15.93,0
2011-02-07,16.280001,0
2011-02-08,15.81,0
2011-02-09,15.87,0
2011-02-10,16.09,0
2011-02-11,15.69,0
2011-02-14,15.95,0
2011-02-15,16.370001,0
2011-02-16,16.719999,0
2011-02-17,16.59,0
2011-02-18,16.43,0
2011-02-22,20.799999,0
2011-02-23,22.129999,0
2011-02-24,21.32,0
2011-02-25,19.219999,0
2011-02-28,18.35,0
2011-03-01,21.01,0
2011-03-02,20.700001,0
2011-03-03,18.6,0
2011-03-04,19.059999,0
2011-03-07,20.66,0
2011-03-08,19.82,0
2011-03-09,20.219999,0
2011-03-10,21.879999,0
2011-03-11,20.08,0
2011-03-14,21.129999,0
2011-03-15,24.32,0
2011-03-16,29.4,0
2011-03-17,26.370001,0
2011-03-18,24.440001,0
2011-03-21,20.610001,0
2011-03-22,20.209999,0
2011-03-23,19.17,0
2011-03-24,18.0,0
2011-03-25,17.91,0
2011-03-28,19.440001,0
2011-03-29,18.16,0
2011-03-30,17.709999,0
2011-03-31,17.74,0
2011-04-01,17.4,0
2011-04-04,17.5,0
2011-04-05,17.25,0
2011-04-06,16.9,0
2011-04-07,17.110001,0
2011-04-08,17.870001,0
2011-04-11,16.59,0
2011-04-12,17.09,0
2011-04-13,16.92,0
2011-04-14,16.27,0
2011-04-15,15.32,0
2011-04-18,16.959999,0
2011-04-19,15.83,0
2011-04-20,15.07,0
2011-04-21,14.69,0
2011-04-25,15.77,0
2011-04-26,15.62,0
2011-04-27,15.35,0
2011-04-28,14.62,0
2011-04-29,14.75,0
2011-05-02,15.99,0
2011-05-03,16.700001,0
2011-05-04,17.08,0
2011-05-05,18.200001,0
2011-05-06,18.4,0
2011-05-09,17.16,0
2011-05-10,15.91,0
2011-05-11,16.950001,0
2011-05-12,16.030001,0
2011-05-13,17.07,0
2011-05-16,18.24,0
2011-05-17,17.549999,0
2011-05-18,16.23,0
2011-05-19,15.52,0
2011-05-20,17.43,0
2011-05-23,18.27,0
2011-05-24,17.82,0
2011-05-25,17.07,0
2011-05-26,16.09,0
2011-05-27,15.98,0
2011-05-31,15.45,0
2011-06-01,18.299999,0
2011-06-02,18.09,0
2011-06-03,17.950001,0
2011-06-06,18.49,0
2011-06-07,18.07,0
2011-06-08,18.790001,0
2011-06-09,17.77,0
2011-06-10,18.860001,0
2011-06-13,19.610001,0
2011-06-14,18.26,0
2011-06-15,21.32,0
2011-06-16,22.73,0
2011-06-17,21.85,0
2011-06-20,19.99,0
2011-06-21,18.860001,0
2011-06-22,18.52,0
2011-06-23,19.290001,0
2011-06-24,21.1,0
2011-06-27,20.559999,0
2011-06-28,19.17,0
2011-06-29,17.27,0
2011-06-30,16.52,0
2011-07-01,15.87,0
2011-07-05,16.059999,0
2011-07-06,16.34,0
2011-07-07,15.95,0
2011-07-08,15.95,0
2011-07-11,18.389999,0
2011-07-12,19.870001,0
2011-07-13,19.91,0
2011-07-14,20.799999,0
2011-07-15,19.530001,0
2011-07-18,20.950001,0
2011-07-19,19.209999,0
2011-07-20,19.09,0
2011-07-21,17.559999,0
2011-07-22,17.52,0
2011-07-25,19.35,0
2011-07-26,20.23,0
2011-07-27,22.98,0
2011-07-28,23.74,0
2011-07-29,25.25,0
2011-08-01,23.66,0
2011-08-02,24.790001,0
2011-08-03,23.379999,0
2011-08-04,31.66,0
2011-08-05,32.0,0
2011-08-08,48.0,0
2011-08-09,35.060001,0
2011-08-10,42.990002,0
2011-08-11,39.0,0
2011-08-12,36.360001,0
2011-08-15,31.870001,0
2011-08-16,32.849998,0
2011-08-17,31.58,0
2011-08-18,42.669998,0
2011-08-19,43.049999,0
2011-08-22,42.439999,0
2011-08-23,36.27,0
2011-08-24,35.900002,0
2011-08-25,39.759998,0
2011-08-26,35.59,0
2011-08-29,32.279999,0
2011-08-30,32.889999,0
2011-08-31,31.620001,0
2011-09-01,31.82,0
2011-09-02,33.919998,0
2011-09-06,37.0,0
2011-09-07,33.380001,0
2011-09-08,34.32,0
2011-09-09,38.52,0
2011-09-12,38.59,0
2011-09-13,36.91,0
2011-09-14,34.599998,0
2011-09-15,31.969999,0
2011-09-16,30.98,0
2011-09-19,32.73,0
2011-09-20,32.860001,0
2011-09-21,37.32,0
2011-09-22,41.349998,0
2011-09-23,41.25,0
2011-09-26,39.02,0
2011-09-27,37.709999,0
2011-09-28,41.080002,0
2011-09-29,38.84,0
2011-09-30,42.959999,0
2011-10-03,45.450001,0
2011-10-04,40.82,0
2011-10-05,37.810001,0
2011-10-06,36.27,0
2011-10-07,36.200001,0
2011-10-10,33.02,0
2011-10-11,32.860001,0
2011-10-12,31.26,0
2011-10-13,30.700001,0
2011-10-14,28.24,0
2011-10-17,33.389999,0
2011-10-18,31.559999,0
2011-10-19,34.439999,0
2011-10-20,34.779999,0
2011-10-21,31.32,0
2011-10-24,29.26,0
2011-10-25,32.220001,0
2011-10-26,29.860001,0
2011-10-27,25.459999,0
2011-10-28,24.530001,0
2011-10-31,29.959999,0
2011-11-01,34.77,0
2011-11-02,32.740002,0
2011-11-03,30.5,0
2011-11-04,30.16,0
2011-11-07,29.85,0
2011-11-08,27.48,0
2011-11-09,36.16,0
2011-11-10,32.810001,0
2011-11-11,30.040001,0
2011-11-14,31.129999,0
2011-11-15,31.219999,0
2011-11-16,33.509998,0
2011-11-17,34.509998,0
2011-11-18,32.0,0
2011-11-21,32.91,0
2011-11-22,31.969999,0
2011-11-23,33.98,0
2011-11-25,34.470001,0
2011-11-28,32.130001,0
2011-11-29,30.639999,0
2011-11-30,27.799999,0
2011-12-01,27.41,0
2011-12-02,27.52,0
2011-12-05,27.84,0
2011-12-06,28.129999,0
2011-12-07,28.67,0
2011-12-08,30.59,0
2011-12-09,26.379999,0
2011-12-12,25.67,0
2011-12-13,25.41,0
2011-12-14,26.040001,0
2011-12-15,25.110001,0
2011-12-16,24.290001,0
2011-12-19,24.92,0
2011-12-20,23.219999,0
2011-12-21,21.43,0
2011-12-22,21.16,0
2011-12-23,20.73,0
2011-12-27,21.91,0
2011-12-28,23.52,0
2011-12-29,22.65,0
2011-12-30,23.4,0
2012-01-03,22.969999,0
2012-01-04,22.219999,0
2012-01-05,21.48,0
2012-01-06,20.629999,0
2012-01-09,21.07,0
2012-01-10,20.690001,0
2012-01-11,21.049999,0
2012-01-12,20.469999,0
2012-01-13,20.91,0
2012-01-17,22.200001,0
2012-01-18,20.889999,0
2012-01-19,19.870001,0
2012-01-20,18.280001,0
2012-01-23,18.67,0
2012-01-24,18.91,0
2012-01-25,18.309999,0
2012-01-26,18.57,0
2012-01-27,18.530001,0
2012-01-30,19.4,0
2012-01-31,19.440001,0
2012-02-01,18.549999,0
2012-02-02,17.98,0
2012-02-03,17.1,0
2012-02-06,17.76,0
2012-02-07,17.65,0
2012-02-08,18.16,0
2012-02-09,18.629999,0
2012-02-10,20.790001,0
2012-02-13,19.040001,0
2012-02-14,19.540001,0
2012-02-15,21.139999,0
2012-02-16,19.219999,0
2012-02-17,17.780001,0
2012-02-21,18.190001,0
2012-02-22,18.190001,0
2012-02-23,16.799999,0
2012-02-24,17.309999,0
2012-02-27,18.190001,0
2012-02-28,17.959999,0
2012-02-29,18.43,0
2012-03-01,17.26,0
2012-03-02,17.290001,0
2012-03-05,18.049999,0
2012-03-06,20.870001,0
2012-03-07,19.07,0
2012-03-08,17.950001,0
2012-03-09,17.110001,0
2012-03-12,15.64,0
2012-03-13,14.8,0
2012-03-14,15.31,0
2012-03-15,15.42,0
2012-03-16,14.47,0
2012-03-19,15.04,0
2012-03-20,15.58,0
2012-03-21,15.13,0
2012-03-22,15.57,0
2012-03-23,14.82,0
2012-03-26,14.26,0
2012-03-27,15.59,0
2012-03-28,15.47,0
2012-03-29,15.48,0
2012-03-30,15.5,0
2012-04-02,15.64,0
2012-04-03,15.66,0
2012-04-04,16.440001,0
2012-04-05,16.700001,0
2012-04-09,18.809999,0
2012-04-10,20.389999,0
2012-04-11,20.02,0
2012-04-12,17.200001,0
2012-04-13,19.549999,0
2012-04-16,19.549999,0
2012-04-17,18.459999,0
2012-04-18,18.639999,0
2012-04-19,18.360001,0
2012-04-20,17.440001,0
2012-04-23,18.969999,0
2012-04-24,18.1,0
2012-04-25,16.82,0
2012-04-26,16.24,0
2012-04-27,16.32,0
2012-04-30,17.15,0
2012-05-01,16.6,0
2012-05-02,16.879999,0
2012-05-03,17.559999,0
2012-05-04,19.16,0
2012-05-07,18.940001,0
2012-05-08,19.049999,0
2012-05-09,20.08,0
2012-05-10,18.83,0
2012-05-11,19.889999,0
2012-05-14,21.870001,0
2012-05-15,21.969999,0
2012-05-16,22.27,0
2012-05-17,24.49,0
2012-05-18,25.1,0
2012-05-21,22.01,0
2012-05-22,22.48,0
2012-05-23,22.33,0
2012-05-24,21.540001,0
2012-05-25,21.76,0
2012-05-29,21.030001,0
2012-05-30,24.139999,0
2012-05-31,24.059999,0
2012-06-01,26.66,0
2012-06-04,26.120001,0
2012-06-05,24.68,0
2012-06-06,22.16,0
2012-06-07,21.719999,0
2012-06-08,21.23,0
2012-06-11,23.559999,0
2012-06-12,22.09,0
2012-06-13,24.27,0
2012-06-14,21.68,0
2012-06-15,21.110001,0
2012-06-18,18.32,0
2012-06-19,18.379999,0
2012-06-20,17.24,0
2012-06-21,20.08,0
2012-06-22,18.110001,0
2012-06-25,20.379999,0
2012-06-26,19.719999,0
2012-06-27,19.450001,0
2012-06-28,19.709999,0
2012-06-29,17.08,0
2012-07-02,16.799999,0
2012-07-03,16.66,0
2012-07-05,17.5,0
2012-07-06,17.1,0
2012-07-09,17.98,0
2012-07-10,18.719999,0
2012-07-11,17.950001,0
2012-07-12,18.33,0
2012-07-13,16.74,0
2012-07-16,17.110001,0
2012-07-17,16.48,0
2012-07-18,16.16,0
2012-07-19,15.45,0
2012-07-20,16.27,0
2012-07-23,18.620001,0
2012-07-24,20.469999,0
2012-07-25,19.34,0
2012-07-26,17.530001,0
2012-07-27,16.700001,0
2012-07-30,18.030001,0
2012-07-31,18.93,0
2012-08-01,18.959999,0
2012-08-02,17.57,0
2012-08-03,15.64,0
2012-08-06,15.95,0
2012-08-07,15.99,0
2012-08-08,15.32,0
2012-08-09,15.28,0
2012-08-10,14.74,0
2012-08-13,13.7,0
2012-08-14,14.85,0
2012-08-15,14.63,0
2012-08-16,14.29,0
2012-08-17,13.45,0
2012-08-20,14.02,0
2012-08-21,15.02,0
2012-08-22,15.11,0
2012-08-23,15.96,0
2012-08-24,15.18,0
2012-08-27,16.35,0
2012-08-28,16.49,0
2012-08-29,17.059999,0
2012-08-30,17.83,0
2012-08-31,17.469999,0
2012-09-04,17.98,0
2012-09-05,17.74,0
2012-09-06,15.6,0
2012-09-07,14.38,0
2012-09-10,16.280001,0
2012-09-11,16.41,0
2012-09-12,15.8,0
2012-09-13,14.05,0
2012-09-14,14.51,0
2012-09-17,14.59,0
2012-09-18,14.18,0
2012-09-19,13.88,0
2012-09-20,14.07,0
2012-09-21,13.98,0
2012-09-24,14.15,0
2012-09-25,15.43,0
2012-09-26,16.809999,0
2012-09-27,14.84,0
2012-09-28,15.73,0
2012-10-01,16.32,0
2012-10-02,15.71,0
2012-10-03,15.43,0
2012-10-04,14.55,0
2012-10-05,14.33,0
2012-10-08,15.11,0
2012-10-09,16.370001,0
2012-10-10,16.290001,0
2012-10-11,15.59,0
2012-10-12,16.139999,0
2012-10-15,15.27,0
2012-10-16,15.22,0
2012-10-17,15.07,0
2012-10-18,15.03,0
2012-10-19,17.059999,0
2012-10-22,16.620001,0
2012-10-23,18.83,0
2012-10-24,18.33,0
2012-10-25,18.120001,0
2012-10-26,17.809999,0
2012-10-31,18.6,0
2012-11-01,16.690001,0
2012-11-02,17.59,0
2012-11-05,18.42,0
2012-11-06,17.58,0
2012-11-07,19.08,0
2012-11-08,18.49,0
2012-11-09,18.610001,0
2012-11-12,16.68,0
2012-11-13,16.65,0
2012-11-14,17.92,0
2012-11-15,17.99,0
2012-11-16,16.41,0
2012-11-19,15.24,0
2012-11-20,15.08,0
2012-11-21,15.31,0
2012-11-23,15.14,0
2012-11-26,15.5,0
2012-11-27,15.92,0
2012-11-28,15.51,0
2012-11-29,15.06,0
2012-11-30,15.87,0
2012-12-03,16.639999,0
2012-12-04,17.120001,0
2012-12-05,16.459999,0
2012-12-06,16.58,0
2012-12-07,15.9,0
2012-12-10,16.049999,0
2012-12-11,15.57,0
2012-12-12,15.95,0
2012-12-13,16.559999,0
2012-12-14,17.0,0
2012-12-17,16.34,0
2012-12-18,15.57,0
2012-12-19,17.360001,0
2012-12-20,17.67,0
2012-12-21,17.84,0
2012-12-24,17.84,0
2012-12-26,19.48,0
2012-12-27,19.469999,0
2012-12-28,22.719999,0
2012-12-31,18.02,0
2013-01-02,14.68,0
2013-01-03,14.56,0
2013-01-04,13.83,0
2013-01-07,13.79,0
2013-01-08,13.62,0
2013-01-09,13.81,0
2013-01-10,13.49,0
2013-01-11,13.36,0
2013-01-14,13.52,0
2013-01-15,13.55,0
2013-01-16,13.42,0
2013-01-17,13.57,0
2013-01-18,12.46,0
2013-01-22,12.43,0
2013-01-23,12.46,0
2013-01-24,12.69,0
2013-01-25,12.89,0
2013-01-28,13.57,0
2013-01-29,13.31,0
2013-01-30,14.32,0
2013-01-31,14.28,0
2013-02-01,12.9,0
2013-02-04,14.67,0
2013-02-05,13.72,0
2013-02-06,13.41,0
2013-02-07,13.5,0
2013-02-08,13.02,0
2013-02-11,12.94,0
2013-02-12,12.64,0
2013-02-13,12.98,0
2013-02-14,12.66,0
2013-02-15,12.46,0
2013-02-19,12.31,0
2013-02-20,14.68,0
2013-02-21,15.22,0
2013-02-22,14.17,0
2013-02-25,18.99,0
2013-02-26,16.870001,0
2013-02-27,14.73,0
2013-02-28,15.51,0
2013-03-01,15.36,0
2013-03-04,14.01,0
2013-03-05,13.48,0
2013-03-06,13.53,0
2013-03-07,13.06,0
2013-03-08,12.59,0
2013-03-11,11.56,0
2013-03-12,12.27,0
2013-03-13,11.83,0
2013-03-14,11.3,0
2013-03-15,11.3,0
2013-03-18,13.36,0
2013-03-19,14.39,0
2013-03-20,12.67,0
2013-03-21,13.99,0
2013-03-22,13.57,0
2013-03-25,13.74,0
2013-03-26,12.77,0
2013-03-27,13.15,0
2013-03-28,12.7,0
2013-04-01,13.58,0
2013-04-02,12.78,0
2013-04-03,14.21,0
2013-04-04,13.89,0
2013-04-05,13.92,0
2013-04-08,13.19,0
2013-04-09,12.84,0
2013-04-10,12.36,0
2013-04-11,12.24,0
2013-04-12,12.06,0
2013-04-15,17.27,0
2013-04-16,13.96,0
2013-04-17,16.51,0
2013-04-18,17.559999,0
2013-04-19,14.97,0
2013-04-22,14.39,0
2013-04-23,13.48,0
2013-04-24,13.61,0
2013-04-25,13.62,0
2013-04-26,13.61,0
2013-04-29,13.71,0
2013-04-30,13.52,0
2013-05-01,14.49,0
2013-05-02,13.59,0
2013-05-03,12.85,0
2013-05-06,12.66,0
2013-05-07,12.83,0
2013-05-08,12.66,0
2013-05-09,13.13,0
2013-05-10,12.59,0
2013-05-13,12.55,0
2013-05-14,12.77,0
2013-05-15,12.81,0
2013-05-16,13.07,0
2013-05-17,12.45,0
2013-05-20,13.02,0
2013-05-21,13.37,0
2013-05-22,13.82,0
2013-05-23,14.07,0
2013-05-24,13.99,0
2013-05-28,14.48,0
2013-05-29,14.83,0
2013-05-30,14.53,0
2013-05-31,16.299999,0
2013-06-03,16.280001,0
2013-06-04,16.27,0
2013-06-05,17.5,0
2013-06-06,16.629999,0
2013-06-07,15.14,0
2013-06-10,15.44,0
2013-06-11,17.07,0
2013-06-12,18.59,0
2013-06-13,16.41,0
2013-06-14,17.15,0
2013-06-17,16.799999,0
2013-06-18,16.610001,0
2013-06-19,16.639999,0
2013-06-20,20.49,0
2013-06-21,18.9,0
2013-06-24,20.110001,0
2013-06-25,18.469999,0
2013-06-26,17.209999,0
2013-06-27,16.860001,0
2013-06-28,16.860001,0
2013-07-01,16.370001,0
2013-07-02,16.440001,0
2013-07-03,16.200001,0
2013-07-05,14.89,0
2013-07-08,14.78,0
2013-07-09,14.35,0
2013-07-10,14.21,0
2013-07-11,14.01,0
2013-07-12,13.84,0
2013-07-15,13.79,0
2013-07-16,14.42,0
2013-07-17,13.78,0
2013-07-18,13.77,0
2013-07-19,12.54,0
2013-07-22,12.29,0
2013-07-23,12.66,0
2013-07-24,13.18,0
2013-07-25,12.97,0
2013-07-26,12.72,0
2013-07-29,13.39,0
2013-07-30,13.39,0
2013-07-31,13.45,0
2013-08-01,12.94,0
2013-08-02,11.98,0
2013-08-05,11.84,0
2013-08-06,12.72,0
2013-08-07,12.98,0
2013-08-08,12.73,0
2013-08-09,13.41,0
2013-08-12,12.81,0
2013-08-13,12.31,0
2013-08-14,13.04,0
2013-08-15,14.73,0
2013-08-16,14.37,0
2013-08-19,15.1,0
2013-08-20,14.91,0
2013-08-21,15.94,0
2013-08-22,14.76,0
2013-08-23,13.98,0
2013-08-26,14.99,0
2013-08-27,16.77,0
2013-08-28,16.49,0
2013-08-29,16.809999,0
2013-08-30,17.01,0
2013-09-03,16.610001,0
2013-09-04,15.88,0
2013-09-05,15.77,0
2013-09-06,15.85,0
2013-09-09,15.63,0
2013-09-10,14.53,0
2013-09-11,13.82,0
2013-09-12,14.29,0
2013-09-13,14.16,0
2013-09-16,14.38,0
2013-09-17,14.53,0
2013-09-18,13.59,0
2013-09-19,13.16,0
2013-09-20,13.12,0
2013-09-23,14.31,0
2013-09-24,14.08,0
2013-09-25,14.01,0
2013-09-26,14.06,0
2013-09-27,15.46,0
2013-09-30,16.6,0
2013-10-01,15.54,0
2013-10-02,16.6,0
2013-10-03,17.67,0
2013-10-04,16.74,0
2013-10-07,19.41,0
2013-10-08,20.34,0
2013-10-09,19.6,0
2013-10-10,16.48,0
2013-10-11,15.72,0
2013-10-14,16.07,0
2013-10-15,18.66,0
2013-10-16,14.71,0
2013-10-17,13.48,0
2013-10-18,13.04,0
2013-10-21,13.16,0
2013-10-22,13.33,0
2013-10-23,13.42,0
2013-10-24,13.2,0
2013-10-25,13.09,0
2013-10-28,13.31,0
2013-10-29,13.41,0
2013-10-30,13.65,0
2013-10-31,13.75,0
2013-11-01,13.28,0
2013-11-04,12.93,0
2013-11-05,13.27,0
2013-11-06,12.67,0
2013-11-07,13.91,0
2013-11-08,12.9,0
2013-11-11,12.53,0
2013-11-12,12.82,0
2013-11-13,12.52,0
2013-11-14,12.37,0
2013-11-15,12.19,0
2013-11-18,13.1,0
2013-11-19,13.39,0
2013-11-20,13.4,0
2013-11-21,12.66,0
2013-11-22,12.26,0
2013-11-25,12.79,0
2013-11-26,12.81,0
2013-11-27,12.98,0
2013-11-29,13.7,0
2013-12-02,14.23,0
2013-12-03,14.55,0
2013-12-04,14.7,0
2013-12-05,15.08,0
2013-12-06,13.79,0
2013-12-09,13.49,0
2013-12-10,13.91,0
2013-12-11,15.42,0
2013-12-12,15.54,0
2013-12-13,15.76,0
2013-12-16,16.030001,0
2013-12-17,16.209999,0
2013-12-18,13.8,0
2013-12-19,14.15,0
2013-12-20,13.79,0
2013-12-23,13.04,0
2013-12-24,12.48,0
2013-12-26,12.33,0
2013-12-27,12.46,0
2013-12-30,13.56,0
2013-12-31,13.72,0
2014-01-02,14.23,0
2014-01-03,13.76,0
2014-01-06,13.55,0
2014-01-07,12.92,0
2014-01-08,12.87,0
2014-01-09,12.89,0
2014-01-10,12.14,0
2014-01-13,13.28,0
2014-01-14,12.28,0
2014-01-15,12.28,0
2014-01-16,12.53,0
2014-01-17,12.44,0
2014-01-21,12.87,0
2014-01-22,12.84,0
2014-01-23,13.77,0
2014-01-24,18.139999,0
2014-01-27,17.42,0
2014-01-28,15.8,0
2014-01-29,17.35,0
2014-01-30,17.290001,0
2014-01-31,18.41,0
2014-02-03,21.440001,0
2014-02-04,19.110001,0
2014-02-05,19.950001,0
2014-02-06,17.23,0
2014-02-07,15.29,0
2014-02-10,15.26,0
2014-02-11,14.51,0
2014-02-12,14.3,0
2014-02-13,14.14,0
2014-02-14,13.57,0
2014-02-18,13.87,0
2014-02-19,15.5,0
2014-02-20,14.79,0
2014-02-21,14.68,0
2014-02-24,14.23,0
2014-02-25,13.67,0
2014-02-26,14.35,0
2014-02-27,14.04,0
2014-02-28,14.0,0
2014-03-03,16.0,0
2014-03-04,14.1,0
2014-03-05,13.89,0
2014-03-06,14.21,0
2014-03-07,14.11,0
2014-03-10,14.2,0
2014-03-11,14.8,0
2014-03-12,14.47,0
2014-03-13,16.219999,0
2014-03-14,17.82,0
2014-03-17,15.64,0
2014-03-18,14.52,0
2014-03-19,15.12,0
2014-03-20,14.52,0
2014-03-21,15.0,0
2014-03-24,15.09,0
2014-03-25,14.02,0
2014-03-26,14.93,0
2014-03-27,14.62,0
2014-03-28,14.41,0
2014-03-31,13.88,0
2014-04-01,13.1,0
2014-04-02,13.09,0
2014-04-03,13.37,0
2014-04-04,13.96,0
2014-04-07,15.57,0
2014-04-08,14.89,0
2014-04-09,13.82,0
2014-04-10,15.89,0
2014-04-11,17.030001,0
2014-04-14,16.110001,0
2014-04-15,15.61,0
2014-04-16,14.18,0
2014-04-17,13.36,0
2014-04-21,13.25,0
2014-04-22,13.19,0
2014-04-23,13.27,0
2014-04-24,13.32,0
2014-04-25,14.06,0
2014-04-28,13.97,0
2014-04-29,13.71,0
2014-04-30,13.41,0
2014-05-01,13.25,0
2014-05-02,12.91,0
2014-05-05,13.29,0
2014-05-06,13.8,0
2014-05-07,13.4,0
2014-05-08,13.43,0
2014-05-09,12.92,0
2014-05-12,12.23,0
2014-05-13,12.13,0
2014-05-14,12.17,0
2014-05-15,13.17,0
2014-05-16,12.44,0
2014-05-19,12.42,0
2014-05-20,12.96,0
2014-05-21,11.91,0
2014-05-22,12.03,0
2014-05-23,11.36,0
2014-05-27,11.51,0
2014-05-28,11.68,0
2014-05-29,11.57,0
2014-05-30,11.4,0
2014-06-02,11.58,0
2014-06-03,11.87,0
2014-06-04,12.08,0
2014-06-05,11.68,0
2014-06-06,10.73,0
2014-06-09,11.15,0
2014-06-10,10.99,0
2014-06-11,11.6,0
2014-06-12,12.56,0
2014-06-13,12.18,0
2014-06-16,12.65,0
2014-06-17,12.06,0
2014-06-18,10.61,0
2014-06-19,10.62,0
2014-06-20,10.85,0
2014-06-23,10.98,0
2014-06-24,12.13,0
2014-06-25,11.59,0
2014-06-26,11.63,0
2014-06-27,11.26,0
2014-06-30,11.57,0
2014-07-01,11.15,0
2014-07-02,10.82,0
2014-07-03,10.32,0
2014-07-07,11.33,0
2014-07-08,11.98,0
2014-07-09,11.65,0
2014-07-10,12.59,0
2014-07-11,12.08,0
2014-07-14,11.82,0
2014-07-15,11.96,0
2014-07-16,11.0,0
2014-07-17,14.54,0
2014-07-18,12.06,0
2014-07-21,12.81,0
2014-07-22,12.24,0
2014-07-23,11.52,0
2014-07-24,11.84,0
2014-07-25,12.69,0
2014-07-28,12.56,0
2014-07-29,13.28,0
2014-07-30,13.33,0
2014-07-31,16.950001,0
2014-08-01,17.030001,0
2014-08-04,15.12,0
2014-08-05,16.870001,0
2014-08-06,16.370001,0
2014-08-07,16.66,0
2014-08-08,15.77,0
2014-08-11,14.23,0
2014-08-12,14.13,0
2014-08-13,12.9,0
2014-08-14,12.42,0
2014-08-15,13.15,0
2014-08-18,12.32,0
2014-08-19,12.21,0
2014-08-20,11.78,0
2014-08-21,11.76,0
2014-08-22,11.47,0
2014-08-25,11.7,0
2014-08-26,11.63,0
2014-08-27,11.78,0
2014-08-28,12.05,0
2014-08-29,12.09,0
2014-09-02,12.25,0
2014-09-03,12.36,0
2014-09-04,12.64,0
2014-09-05,12.09,0
2014-09-08,12.66,0
2014-09-09,13.5,0
2014-09-10,12.88,0
2014-09-11,12.8,0
2014-09-12,13.31,0
2014-09-15,14.12,0
2014-09-16,12.73,0
2014-09-17,12.65,0
2014-09-18,12.03,0
2014-09-19,12.11,0
2014-09-22,13.69,0
2014-09-23,14.93,0
2014-09-24,13.27,0
2014-09-25,15.64,0
2014-09-26,14.85,0
2014-09-29,15.98,0
2014-09-30,16.309999,0
2014-10-01,16.709999,0
2014-10-02,16.16,0
2014-10-03,14.55,0
2014-10-06,15.46,0
2014-10-07,17.200001,0
2014-10-08,15.11,0
2014-10-09,18.76,0
2014-10-10,21.24,0
2014-10-13,24.639999,0
2014-10-14,22.790001,0
2014-10-15,25.27,0
2014-10-16,25.200001,0
2014-10-17,21.99,0
2014-10-20,18.57,0
2014-10-21,16.08,0
2014-10-22,17.870001,0
2014-10-23,16.530001,0
2014-10-24,16.110001,0
2014-10-27,16.040001,0
2014-10-28,14.39,0
2014-10-29,15.15,0
2014-10-30,14.52,0
2014-10-31,14.03,0
2014-11-03,14.73,0
2014-11-04,14.89,0
2014-11-05,14.17,0
2014-11-06,13.67,0
2014-11-07,13.12,0
2014-11-10,12.67,0
2014-11-11,12.92,0
2014-11-12,13.02,0
2014-11-13,13.79,0
2014-11-14,13.31,0
2014-11-17,13.99,0
2014-11-18,13.86,0
2014-11-19,13.96,0
2014-11-20,13.58,0
2014-11-21,12.9,0
2014-11-24,12.62,0
2014-11-25,12.25,0
2014-11-26,12.07,0
2014-11-28,13.33,0
2014-12-01,14.16,0
2014-12-02,12.85,0
2014-12-03,12.5,0
2014-12-04,12.38,0
2014-12-05,11.89,0
2014-12-08,14.21,0
2014-12-09,15.35,0
2014-12-10,18.530001,0
2014-12-11,20.08,0
2014-12-12,21.08,0
2014-12-15,20.42,0
2014-12-16,23.57,0
2014-12-17,19.440001,0
2014-12-18,16.809999,0
2014-12-19,16.49,0
2014-12-22,15.25,0
2014-12-23,14.8,0
2014-12-24,14.37,0
2014-12-26,14.5,0
2014-12-29,15.06,0
2014-12-30,15.92,0
2014-12-31,19.200001,0
2015-01-02,17.790001,0
2015-01-05,19.92,0
2015-01-06,21.120001,0
2015-01-07,19.309999,0
2015-01-08,17.01,0
2015-01-09,17.549999,0
2015-01-12,19.6,0
2015-01-13,20.559999,0
2015-01-14,21.48,0
2015-01-15,22.389999,0
2015-01-16,20.950001,0
2015-01-20,19.889999,0
2015-01-21,18.85,0
2015-01-22,16.4,0
2015-01-23,16.66,0
2015-01-26,15.52,0
2015-01-27,17.219999,0
2015-01-28,20.440001,0
2015-01-29,18.76,0
2015-01-30,20.969999,0
2015-02-02,19.43,0
2015-02-03,17.33,0
2015-02-04,18.33,0
2015-02-05,16.85,0
2015-02-06,17.290001,0
2015-02-09,18.549999,0
2015-02-10,17.23,0
2015-02-11,16.959999,0
2015-02-12,15.34,0
2015-02-13,14.69,0
2015-02-17,15.8,0
2015-02-18,15.45,0
2015-02-19,15.29,0
2015-02-20,14.3,0
2015-02-23,14.56,0
2015-02-24,13.69,0
2015-02-25,13.84,0
2015-02-26,13.91,0
2015-02-27,13.34,0
2015-03-02,13.04,0
2015-03-03,13.86,0
2015-03-04,14.23,0
2015-03-05,14.04,0
2015-03-06,15.2,0
2015-03-09,15.06,0
2015-03-10,16.690001,0
2015-03-11,16.870001,0
2015-03-12,15.42,0
2015-03-13,16.0,0
2015-03-16,15.61,0
2015-03-17,15.66,0
2015-03-18,13.97,0
2015-03-19,14.07,0
2015-03-20,13.02,0
2015-03-23,13.41,0
2015-03-24,13.62,0
2015-03-25,15.44,0
2015-03-26,15.8,0
2015-03-27,15.07,0
2015-03-30,14.51,0
2015-03-31,15.29,0
2015-04-01,15.11,0
2015-04-02,14.67,0
2015-04-06,14.74,0
2015-04-07,14.78,0
2015-04-08,13.98,0
2015-04-09,13.09,0
2015-04-10,12.58,0
2015-04-13,13.94,0
2015-04-14,13.67,0
2015-04-15,12.84,0
2015-04-16,12.6,0
2015-04-17,13.89,0
2015-04-20,13.3,0
2015-04-21,13.25,0
2015-04-22,12.71,0
2015-04-23,12.48,0
2015-04-24,12.29,0
2015-04-27,13.12,0
2015-04-28,12.41,0
2015-04-29,13.39,0
2015-04-30,14.55,0
2015-05-01,12.7,0
2015-05-04,12.85,0
2015-05-05,14.31,0
2015-05-06,15.15,0
2015-05-07,15.13,0
2015-05-08,12.86,0
2015-05-11,13.85,0
2015-05-12,13.86,0
2015-05-13,13.76,0
2015-05-14,12.74,0
2015-05-15,12.38,0
2015-05-18,12.73,0
2015-05-19,12.85,0
2015-05-20,12.88,0
2015-05-21,12.11,0
2015-05-22,12.13,0
2015-05-26,14.06,0
2015-05-27,13.27,0
2015-05-28,13.31,0
2015-05-29,13.84,0
2015-06-01,13.97,0
2015-06-02,14.24,0
2015-06-03,13.66,0
2015-06-04,14.71,0
2015-06-05,14.21,0
2015-06-08,15.29,0
2015-06-09,14.47,0
2015-06-10,13.22,0
2015-06-11,12.85,0
2015-06-12,13.78,0
2015-06-15,15.39,0
2015-06-16,14.81,0
2015-06-17,14.5,0
2015-06-18,13.19,0
2015-06-19,13.96,0
2015-06-22,12.74,0
2015-06-23,12.11,0
2015-06-24,13.26,0
2015-06-25,14.01,0
2015-06-26,14.02,0
2015-06-29,18.85,0
2015-06-30,18.23,0
2015-07-01,16.09,0
2015-07-02,16.790001,0
2015-07-06,17.01,0
2015-07-07,16.09,0
2015-07-08,19.66,0
2015-07-09,19.969999,0
2015-07-10,16.83,0
2015-07-13,13.9,0
2015-07-14,13.37,0
2015-07-15,13.23,0
2015-07-16,12.11,0
2015-07-17,11.95,0
2015-07-20,12.25,0
2015-07-21,12.22,0
2015-07-22,12.12,0
2015-07-23,12.64,0
2015-07-24,13.74,0
2015-07-27,15.6,0
2015-07-28,13.44,0
2015-07-29,12.5,0
2015-07-30,12.13,0
2015-07-31,12.12,0
2015-08-03,12.56,0
2015-08-04,13.0,0
2015-08-05,12.51,0
2015-08-06,13.77,0
2015-08-07,13.39,0
2015-08-10,12.23,0
2015-08-11,13.71,0
2015-08-12,13.61,0
2015-08-13,13.49,0
2015-08-14,12.83,0
2015-08-17,13.02,0
2015-08-18,13.79,0
2015-08-19,15.25,0
2015-08-20,19.139999,0
2015-08-21,28.030001,0
2015-08-24,40.740002,0
2015-08-25,36.02,0
2015-08-26,30.32,0
2015-08-27,26.1,0
2015-08-28,26.049999,0
2015-08-31,28.43,0
2015-09-01,31.4,0
2015-09-02,26.09,0
2015-09-03,25.610001,0
2015-09-04,27.799999,0
2015-09-08,24.9,0
2015-09-09,26.23,0
2015-09-10,24.370001,0
2015-09-11,23.200001,0
2015-09-14,24.25,0
2015-09-15,22.540001,0
2015-09-16,21.35,0
2015-09-17,21.139999,0
2015-09-18,22.280001,0
2015-09-21,20.139999,0
2015-09-22,22.440001,0
2015-09-23,22.129999,0
2015-09-24,23.469999,0
2015-09-25,23.620001,0
2015-09-28,27.629999,0
2015-09-29,26.83,0
2015-09-30,24.5,0
2015-10-01,22.549999,0
2015-10-02,20.940001,0
2015-10-05,19.540001,0
2015-10-06,19.4,0
2015-10-07,18.4,0
2015-10-08,17.42,0
2015-10-09,17.08,0
2015-10-12,16.17,0
2015-10-13,17.67,0
2015-10-14,18.030001,0
2015-10-15,16.049999,0
2015-10-16,15.05,0
2015-10-19,14.98,0
2015-10-20,15.75,0
2015-10-21,16.700001,0
2015-10-22,14.45,0
2015-10-23,14.46,0
2015-10-26,15.29,0
2015-10-27,15.43,0
2015-10-28,14.33,0
2015-10-29,14.61,0
2015-10-30,15.07,0
2015-11-02,14.15,0
2015-11-03,14.54,0
2015-11-04,15.51,0
2015-11-05,15.05,0
2015-11-06,14.33,0
2015-11-09,16.52,0
2015-11-10,15.29,0
2015-11-11,16.059999,0
2015-11-12,18.370001,0
2015-11-13,20.08,0
2015-11-16,18.16,0
2015-11-17,18.84,0
2015-11-18,16.85,0
2015-11-19,16.99,0
2015-11-20,15.47,0
2015-11-23,15.62,0
2015-11-24,15.93,0
2015-11-25,15.19,0
2015-11-27,15.12,0
2015-11-30,16.129999,0
2015-12-01,14.67,0
2015-12-02,15.91,0
2015-12-03,18.110001,0
2015-12-04,14.81,0
2015-12-07,15.84,0
2015-12-08,17.6,0
2015-12-09,19.610001,0
2015-12-10,19.34,0
2015-12-11,24.389999,0
2015-12-14,22.73,0
2015-12-15,20.950001,0
2015-12-16,17.860001,0
2015-12-17,18.940001,0
2015-12-18,20.700001,0
2015-12-21,18.700001,0
2015-12-22,16.6,0
2015-12-23,15.57,0
2015-12-24,15.74,0
2015-12-28,16.91,0
2015-12-29,16.08,0
2015-12-30,17.290001,0
2015-12-31,18.209999,0
2016-01-04,20.700001,0
2016-01-05,19.34,0
2016-01-06,20.59,0
2016-01-07,24.99,0
2016-01-08,27.01,0
2016-01-11,24.299999,0
2016-01-12,22.469999,0
2016-01-13,25.219999,0
2016-01-14,23.950001,0
2016-01-15,27.02,0
2016-01-19,26.049999,0
2016-01-20,27.59,0
2016-01-21,26.690001,0
2016-01-22,22.34,0
2016-01-25,24.15,0
2016-01-26,22.5,0
2016-01-27,23.110001,0
2016-01-28,22.42,0
2016-01-29,20.200001,0
2016-02-01,19.98,0
2016-02-02,21.98,0
2016-02-03,21.65,0
2016-02-04,21.84,0
2016-02-05,23.379999,0
2016-02-08,26.0,0
2016-02-09,26.540001,0
2016-02-10,26.290001,0
2016-02-11,28.139999,0
2016-02-12,25.4,0
2016-02-16,24.110001,0
2016-02-17,22.309999,0
2016-02-18,21.639999,0
2016-02-19,20.530001,0
2016-02-22,19.379999,0
2016-02-23,20.98,0
2016-02-24,20.719999,0
2016-02-25,19.110001,0
2016-02-26,19.809999,0
2016-02-29,20.549999,0
2016-03-01,17.700001,0
2016-03-02,17.09,0
2016-03-03,16.700001,0
2016-03-04,16.860001,0
2016-03-07,17.35,0
2016-03-08,18.67,0
2016-03-09,18.34,0
2016-03-10,18.049999,0
2016-03-11,16.5,0
2016-03-14,16.92,0
2016-03-15,16.84,0
2016-03-16,14.99,0
2016-03-17,14.44,0
2016-03-18,14.02,0
2016-03-21,13.79,0
2016-03-22,14.17,0
2016-03-23,14.94,0
2016-03-24,14.74,0
2016-03-28,15.24,0
2016-03-29,13.82,0
2016-03-30,13.56,0
2016-03-31,13.95,0
2016-04-01,13.1,0
2016-04-04,14.12,0
2016-04-05,15.42,0
2016-04-06,14.09,0
2016-04-07,16.16,0
2016-04-08,15.36,0
2016-04-11,16.26,0
2016-04-12,14.85,0
2016-04-13,13.84,0
2016-04-14,13.72,0
2016-04-15,13.62,0
2016-04-18,13.35,0
2016-04-19,13.24,0
2016-04-20,13.28,0
2016-04-21,13.95,0
2016-04-22,13.22,0
2016-04-25,14.08,0
2016-04-26,13.96,0
2016-04-27,13.77,0
2016-04-28,15.22,0
2016-04-29,15.7,0
2016-05-02,14.68,0
2016-05-03,15.6,0
2016-05-04,16.049999,0
2016-05-05,15.91,0
2016-05-06,14.72,0
2016-05-09,14.57,0
2016-05-10,13.63,0
2016-05-11,14.69,0
2016-05-12,14.41,0
2016-05-13,15.04,0
2016-05-16,14.68,0
2016-05-17,15.57,0
2016-05-18,15.95,0
2016-05-19,16.33,0
2016-05-20,15.2,0
2016-05-23,15.82,0
2016-05-24,14.42,0
2016-05-25,13.9,0
2016-05-26,13.43,0
2016-05-27,13.12,0
2016-05-31,14.19,0
2016-06-01,14.2,0
2016-06-02,13.63,0
2016-06-03,13.47,0
2016-06-06,13.65,0
2016-06-07,14.05,0
2016-06-08,14.08,0
2016-06-09,14.64,0
2016-06-10,17.030001,0
2016-06-13,20.969999,0
2016-06-14,20.5,0
2016-06-15,20.139999,0
2016-06-16,19.370001,0
2016-06-17,19.41,0
2016-06-20,18.370001,0
2016-06-21,18.48,0
2016-06-22,21.17,0
2016-06-23,17.25,0
2016-06-24,25.76,0
2016-06-27,23.85,0
2016-06-28,18.75,0
2016-06-29,16.639999,0
2016-06-30,15.63,0
2016-07-01,14.77,0
2016-07-05,15.58,0
2016-07-06,14.96,0
2016-07-07,14.76,0
2016-07-08,13.2,0
2016-07-11,13.54,0
2016-07-12,13.55,0
2016-07-13,13.04,0
2016-07-14,12.82,0
2016-07-15,12.67,0
2016-07-18,12.44,0
2016-07-19,11.97,0
2016-07-20,11.77,0
2016-07-21,12.74,0
2016-07-22,12.02,0
2016-07-25,12.87,0
2016-07-26,13.05,0
2016-07-27,12.83,0
2016-07-28,12.72,0
2016-07-29,11.87,0
2016-08-01,12.44,0
2016-08-02,13.37,0
2016-08-03,12.86,0
2016-08-04,12.42,0
2016-08-05,11.39,0
2016-08-08,11.5,0
2016-08-09,11.66,0
2016-08-10,12.05,0
2016-08-11,11.68,0
2016-08-12,11.55,0
2016-08-15,11.81,0
2016-08-16,12.64,0
2016-08-17,12.19,0
2016-08-18,11.43,0
2016-08-19,11.34,0
2016-08-22,12.27,0
2016-08-23,12.38,0
2016-08-24,13.45,0
2016-08-25,13.63,0
2016-08-26,13.65,0
2016-08-29,12.94,0
2016-08-30,13.12,0
2016-08-31,13.42,0
2016-09-01,13.48,0
2016-09-02,11.98,0
2016-09-06,12.02,0
2016-09-07,11.94,0
2016-09-08,12.51,0
2016-09-09,17.5,0
2016-09-12,15.16,0
2016-09-13,17.85,0
2016-09-14,18.139999,0
2016-09-15,16.299999,0
2016-09-16,15.37,0
2016-09-19,15.53,0
2016-09-20,15.92,0
2016-09-21,13.3,0
2016-09-22,12.02,0
2016-09-23,12.29,0
2016-09-26,14.5,0
2016-09-27,13.1,0
2016-09-28,12.39,0
2016-09-29,14.02,0
2016-09-30,13.29,0
2016-10-03,13.57,0
2016-10-04,13.63,0
2016-10-05,12.99,0
2016-10-06,12.84,0
2016-10-07,13.48,0
2016-10-10,13.38,0
2016-10-11,15.36,0
2016-10-12,15.91,0
2016-10-13,16.690001,0
2016-10-14,16.120001,0
2016-10-17,16.209999,0
2016-10-18,15.28,0
2016-10-19,14.41,0
2016-10-20,13.75,0
2016-10-21,13.34,0
2016-10-24,13.02,0
2016-10-25,13.46,0
2016-10-26,14.24,0
2016-10-27,15.36,0
2016-10-28,16.190001,0
2016-10-31,17.059999,0
2016-11-01,18.559999,0
2016-11-02,19.32,0
2016-11-03,22.08,0
2016-11-04,22.51,0
2016-11-07,18.709999,0
2016-11-08,18.74,0
2016-11-09,14.38,0
2016-11-10,14.74,0
2016-11-11,14.17,0
2016-11-14,14.48,0
2016-11-15,13.37,0
2016-11-16,13.72,0
2016-11-17,13.35,0
2016-11-18,12.85,0
2016-11-21,12.42,0
2016-11-22,12.41,0
2016-11-23,12.43,0
2016-11-25,12.34,0
2016-11-28,13.15,0
2016-11-29,12.9,0
2016-11-30,13.33,0
2016-12-01,14.07,0
2016-12-02,14.12,0
2016-12-05,12.14,0
2016-12-06,11.79,0
2016-12-07,12.22,0
2016-12-08,12.64,0
2016-12-09,11.75,0
2016-12-12,12.64,0
2016-12-13,12.72,0
2016-12-14,13.19,0
2016-12-15,12.79,0
2016-12-16,12.2,0
2016-12-19,11.71,0
2016-12-20,11.45,0
2016-12-21,11.27,0
2016-12-22,11.43,0
2016-12-23,11.44,0
2016-12-27,11.99,0
2016-12-28,12.95,0
2016-12-29,13.37,0
2016-12-30,14.04,0
2017-01-03,12.85,0
2017-01-04,11.85,0
2017-01-05,11.67,0
2017-01-06,11.32,0
2017-01-09,11.56,0
2017-01-10,11.49,0
2017-01-11,11.26,0
2017-01-12,11.54,0
2017-01-13,11.23,0
2017-01-17,11.87,0
2017-01-18,12.48,0
2017-01-19,12.78,0
2017-01-20,11.54,0
2017-01-23,11.77,0
2017-01-24,11.07,0
2017-01-25,10.81,0
2017-01-26,10.63,0
2017-01-27,10.58,0
2017-01-30,11.88,0
2017-01-31,11.99,0
2017-02-01,11.81,0
2017-02-02,11.93,0
2017-02-03,10.97,0
2017-02-06,11.37,0
2017-02-07,11.29,0
2017-02-08,11.45,0
2017-02-09,10.88,0
2017-02-10,10.85,0
2017-02-13,11.07,0
2017-02-14,10.74,0
2017-02-15,11.97,0
2017-02-16,11.76,0
2017-02-17,11.49,0
2017-02-21,11.57,0
2017-02-22,11.74,0
2017-02-23,11.71,0
2017-02-24,11.47,0
2017-02-27,12.09,0
2017-02-28,12.92,0
2017-03-01,12.54,0
2017-03-02,11.81,0
2017-03-03,10.96,0
2017-03-06,11.24,0
2017-03-07,11.45,0
2017-03-08,11.86,0
2017-03-09,12.3,0
2017-03-10,11.66,0
2017-03-13,11.35,0
2017-03-14,12.3,0
2017-03-15,11.63,0
2017-03-16,11.21,0
2017-03-17,11.28,0
2017-03-20,11.34,0
2017-03-21,12.47,0
2017-03-22,12.81,0
2017-03-23,13.12,0
2017-03-24,12.96,0
2017-03-27,12.5,0
2017-03-28,11.53,0
2017-03-29,11.42,0
2017-03-30,11.54,0
2017-03-31,12.37,0
2017-04-03,12.38,0
2017-04-04,11.79,0
2017-04-05,12.89,0
2017-04-06,12.39,0
2017-04-07,12.87,0
2017-04-10,14.05,0
2017-04-11,15.07,0
2017-04-12,15.77,0
2017-04-13,15.96,0
2017-04-17,14.66,0
2017-04-18,14.42,0
2017-04-19,14.93,0
2017-04-20,14.15,0
2017-04-21,14.63,0
2017-04-24,10.84,0
2017-04-25,10.76,0
2017-04-26,10.85,0
2017-04-27,10.36,0
2017-04-28,10.82,0
2017-05-01,10.11,0
2017-05-02,10.59,0
2017-05-03,10.68,0
2017-05-04,10.46,0
2017-05-05,10.57,0
2017-05-08,9.77,0
2017-05-09,9.96,0
2017-05-10,10.21,0
2017-05-11,10.6,0
2017-05-12,10.4,0
2017-05-15,10.42,0
2017-05-16,10.65,0
2017-05-17,15.59,0
2017-05-18,14.66,0
2017-05-19,12.04,0
2017-05-22,10.93,0
2017-05-23,10.72,0
2017-05-24,10.02,0
2017-05-25,9.99,0
2017-05-26,9.81,0
2017-05-30,10.38,0
2017-05-31,10.41,0
2017-06-01,9.89,0
2017-06-02,9.75,0
2017-06-05,10.07,0
2017-06-06,10.45,0
2017-06-07,10.39,0
2017-06-08,10.16,0
2017-06-09,10.7,0
2017-06-12,11.46,0
2017-06-13,10.42,0
2017-06-14,10.64,0
2017-06-15,10.9,0
2017-06-16,10.38,0
2017-06-19,10.37,0
2017-06-20,10.86,0
2017-06-21,10.75,0
2017-06-22,10.48,0
2017-06-23,10.02,0
2017-06-26,9.9,0
2017-06-27,11.06,0
2017-06-28,10.03,0
2017-06-29,11.44,0
2017-06-30,11.18,0
2017-07-03,11.22,0
2017-07-05,11.07,0
2017-07-06,12.54,0
2017-07-07,11.19,0
2017-07-10,11.11,0
2017-07-11,10.89,0
2017-07-12,10.3,0
2017-07-13,9.9,0
2017-07-14,9.51,0
2017-07-17,9.82,0
2017-07-18,9.89,0
2017-07-19,9.79,0
2017-07-20,9.58,0
2017-07-21,9.36,0
2017-07-24,9.43,0
2017-07-25,9.43,0
2017-07-26,9.6,0
2017-07-27,10.11,0
2017-07-28,10.29,0
2017-07-31,10.26,0
2017-08-01,10.09,0
2017-08-02,10.28,0
2017-08-03,10.44,0
2017-08-04,10.03,0
2017-08-07,9.93,0
2017-08-08,10.96,0
2017-08-09,11.11,0
2017-08-10,16.040001,0
2017-08-11,15.51,0
2017-08-14,12.33,0
2017-08-15,12.04,0
2017-08-16,11.74,0
2017-08-17,15.55,0
2017-08-18,14.26,0
2017-08-21,13.19,0
2017-08-22,11.35,0
2017-08-23,12.25,0
2017-08-24,12.23,0
2017-08-25,11.28,0
2017-08-28,11.32,0
2017-08-29,11.7,0
2017-08-30,11.22,0
2017-08-31,10.59,0
2017-09-01,10.13,0
2017-09-05,12.23,0
2017-09-06,11.63,0
2017-09-07,11.55,0
2017-09-08,12.12,0
2017-09-11,10.73,0
2017-09-12,10.58,0
2017-09-13,10.5,0
2017-09-14,10.44,0
2017-09-15,10.17,0
2017-09-18,10.15,0
2017-09-19,10.18,0
2017-09-20,9.78,0
2017-09-21,9.67,0
2017-09-22,9.59,0
2017-09-25,10.21,0
2017-09-26,10.17,0
2017-09-27,9.87,0
2017-09-28,9.55,0
2017-09-29,9.51,0
2017-10-02,9.45,0
2017-10-03,9.51,0
2017-10-04,9.63,0
2017-10-05,9.19,0
2017-10-06,9.65,0
2017-10-09,10.33,0
2017-10-10,10.08,0
2017-10-11,9.85,0
2017-10-12,9.91,0
2017-10-13,9.61,0
2017-10-16,9.91,0
2017-10-17,10.31,0
2017-10-18,10.07,0
2017-10-19,10.05,0
2017-10-20,9.97,0
2017-10-23,11.07,0
2017-10-24,11.16,0
2017-10-25,11.23,0
2017-10-26,11.3,0
2017-10-27,9.8,0
2017-10-30,10.5,0
2017-10-31,10.18,0
2017-11-01,10.2,0
2017-11-02,9.93,0
2017-11-03,9.14,0
2017-11-06,9.4,0
2017-11-07,9.89,0
2017-11-08,9.78,0
2017-11-09,10.5,0
2017-11-10,11.29,0
2017-11-13,11.5,0
2017-11-14,11.59,0
2017-11-15,13.13,0
2017-11-16,11.76,0
2017-11-17,11.43,0
2017-11-20,10.65,0
2017-11-21,9.73,0
2017-11-22,9.88,0
2017-11-24,9.67,0
2017-11-27,9.87,0
2017-11-28,10.03,0
2017-11-29,10.7,0
2017-11-30,11.28,0
2017-12-01,11.43,0
2017-12-04,11.68,0
2017-12-05,11.33,0
2017-12-06,11.02,0
2017-12-07,10.16,0
2017-12-08,9.58,0
2017-12-11,9.34,0
2017-12-12,9.92,0
2017-12-13,10.18,0
2017-12-14,10.49,0
2017-12-15,9.42,0
2017-12-18,9.53,0
2017-12-19,10.03,0
2017-12-20,9.72,0
2017-12-21,9.62,0
2017-12-22,9.9,0
2017-12-26,10.25,0
2017-12-27,10.47,0
2017-12-28,10.18,0
2017-12-29,11.04,0
2018-01-02,9.77,0
2018-01-03,9.15,0
2018-01-04,9.22,0
2018-01-05,9.22,0
2018-01-08,9.52,0
2018-01-09,10.08,0
2018-01-10,9.82,0
2018-01-11,9.88,0
2018-01-12,10.16,0
2018-01-16,11.66,0
2018-01-17,11.91,0
2018-01-18,12.22,0
2018-01-19,11.27,0
2018-01-22,11.03,0
2018-01-23,11.1,0
2018-01-24,11.47,0
2018-01-25,11.58,0
2018-01-26,11.08,0
2018-01-29,13.84,0
2018-01-30,14.79,0
2018-01-31,13.54,0
2018-02-01,13.47,0
2018-02-02,17.309999,0
2018-02-05,37.32,0
2018-02-06,29.98,0
2018-02-07,27.73,0
2018-02-08,33.459999,0
2018-02-09,29.059999,0
2018-02-12,25.610001,0
2018-02-13,24.969999,0
2018-02-14,19.26,0
2018-02-15,19.129999,0
2018-02-16,19.459999,0
2018-02-20,20.6,0
2018-02-21,20.02,0
2018-02-22,18.719999,0
2018-02-23,16.49,0
2018-02-26,15.8,0
2018-02-27,18.59,0
2018-02-28,19.85,0
2018-03-01,22.469999,0
2018-03-02,19.59,0
2018-03-05,18.73,0
2018-03-06,18.360001,0
2018-03-07,17.76,0
2018-03-08,16.540001,0
2018-03-09,14.64,0
2018-03-12,15.78,0
2018-03-13,16.35,0
2018-03-14,17.23,0
2018-03-15,16.59,0
2018-03-16,15.8,0
2018-03-19,19.02,0
2018-03-20,18.200001,0
2018-03-21,17.860001,0
2018-03-22,23.34,0
2018-03-23,24.870001,0
2018-03-26,21.030001,0
2018-03-27,22.5,0
2018-03-28,22.870001,0
2018-03-29,19.969999,0
2018-04-02,23.620001,0
2018-04-03,21.1,0
2018-04-04,20.059999,0
2018-04-05,18.940001,0
2018-04-06,21.49,0
2018-04-09,21.77,0
2018-04-10,20.469999,0
2018-04-11,20.24,0
2018-04-12,18.49,0
2018-04-13,17.41,0
2018-04-16,16.559999,0
2018-04-17,15.25,0
2018-04-18,15.6,0
2018-04-19,15.96,0
2018-04-20,16.879999,0
2018-04-23,16.34,0
2018-04-24,18.02,0
2018-04-25,17.84,0
2018-04-26,16.24,0
2018-04-27,15.41,0
2018-04-30,15.93,0
2018-05-01,15.49,0
2018-05-02,15.97,0
2018-05-03,15.9,0
2018-05-04,14.77,0
2018-05-07,14.75,0
2018-05-08,14.71,0
2018-05-09,13.42,0
2018-05-10,13.23,0
2018-05-11,12.65,0
2018-05-14,12.93,0
2018-05-15,14.63,0
2018-05-16,13.42,0
2018-05-17,13.43,0
2018-05-18,13.42,0
2018-05-21,13.08,0
2018-05-22,13.22,0
2018-05-23,12.58,0
2018-05-24,12.53,0
2018-05-25,13.22,0
2018-05-29,17.02,0
2018-05-30,14.94,0
2018-05-31,15.43,0
2018-06-01,13.46,0
2018-06-04,12.74,0
2018-06-05,12.4,0
2018-06-06,11.64,0
2018-06-07,12.13,0
2018-06-08,12.18,0
2018-06-11,12.35,0
2018-06-12,12.34,0
2018-06-13,12.94,0
2018-06-14,12.12,0
2018-06-15,11.98,0
2018-06-18,12.31,0
2018-06-19,13.35,0
2018-06-20,12.79,0
2018-06-21,14.64,0
2018-06-22,13.77,0
2018-06-25,17.33,0
2018-06-26,15.92,0
2018-06-27,17.91,0
2018-06-28,16.85,0
2018-06-29,16.09,0
2018-07-02,15.6,0
2018-07-03,16.139999,0
2018-07-05,14.97,0
2018-07-06,13.37,0
2018-07-09,12.69,0
2018-07-10,12.64,0
2018-07-11,13.63,0
2018-07-12,12.58,0
2018-07-13,12.18,0
2018-07-16,12.83,0
2018-07-17,12.06,0
2018-07-18,12.1,0
2018-07-19,12.87,0
2018-07-20,12.86,0
2018-07-23,12.62,0
2018-07-24,12.41,0
2018-07-25,12.29,0
2018-07-26,12.14,0
2018-07-27,13.03,0
2018-07-30,14.26,0
2018-07-31,12.83,0
2018-08-01,13.15,0
2018-08-02,12.19,0
2018-08-03,11.64,0
2018-08-06,11.27,0
2018-08-07,10.93,0
2018-08-08,10.85,0
2018-08-09,11.27,0
2018-08-10,13.16,0
2018-08-13,14.78,0
2018-08-14,13.31,0
2018-08-15,14.64,0
2018-08-16,13.45,0
2018-08-17,12.64,0
2018-08-20,12.49,0
2018-08-21,12.86,0
2018-08-22,12.25,0
2018-08-23,12.41,0
2018-08-24,11.99,0
2018-08-27,12.16,0
2018-08-28,12.5,0
2018-08-29,12.25,0
2018-08-30,13.53,0
2018-08-31,12.86,0
2018-09-04,13.16,0
2018-09-05,13.91,0
2018-09-06,14.65,0
2018-09-07,14.88,0
2018-09-10,14.16,0
2018-09-11,13.22,0
2018-09-12,13.14,0
2018-09-13,12.37,0
2018-09-14,12.07,0
2018-09-17,13.68,0
2018-09-18,12.79,0
2018-09-19,11.75,0
2018-09-20,11.8,0
2018-09-21,11.68,0
2018-09-24,12.2,0
2018-09-25,12.42,0
2018-09-26,12.89,0
2018-09-27,12.41,0
2018-09-28,12.12,0
2018-10-01,12.0,0
2018-10-02,12.05,0
2018-10-03,11.61,0
2018-10-04,14.22,0
2018-10-05,14.82,0
2018-10-08,15.69,0
2018-10-09,15.95,0
2018-10-10,22.959999,0
2018-10-11,24.98,0
2018-10-12,21.309999,0
2018-10-15,21.299999,0
2018-10-16,17.620001,0
2018-10-17,17.4,0
2018-10-18,20.059999,0
2018-10-19,19.889999,0
2018-10-22,19.639999,0
2018-10-23,20.709999,0
2018-10-24,25.23,0
2018-10-25,24.219999,0
2018-10-26,24.16,0
2018-10-29,24.700001,0
2018-10-30,23.35,0
2018-10-31,21.23,0
2018-11-01,19.34,0
2018-11-02,19.51,0
2018-11-05,19.959999,0
2018-11-06,19.91,0
2018-11-07,16.360001,0
2018-11-08,16.719999,0
2018-11-09,17.360001,0
2018-11-12,20.450001,0
2018-11-13,20.02,0
2018-11-14,21.25,0
2018-11-15,19.98,0
2018-11-16,18.139999,0
2018-11-19,20.1,0
2018-11-20,22.48,0
2018-11-21,20.799999,0
2018-11-23,21.52,0
2018-11-26,18.9,0
2018-11-27,19.02,0
2018-11-28,18.49,0
2018-11-29,18.790001,0
2018-11-30,18.07,0
2018-12-03,16.440001,0
2018-12-04,20.74,0
2018-12-06,21.190001,0
2018-12-07,23.23,0
2018-12-10,22.639999,0
2018-12-11,21.76,0
2018-12-12,21.459999,0
2018-12-13,20.65,0
2018-12-14,21.629999,0
2018-12-17,24.52,0
2018-12-18,25.58,0
2018-12-19,25.58,0
2018-12-20,28.379999,0
2018-12-21,30.110001,0
2018-12-24,36.07,0
2018-12-26,30.41,0
2018-12-27,29.959999,0
2018-12-28,28.34,0
2018-12-31,25.42,0
2019-01-02,23.219999,0
2019-01-03,25.450001,0
2019-01-04,21.379999,0
2019-01-07,21.4,0
2019-01-08,20.469999,0
2019-01-09,19.98,0
2019-01-10,19.5,0
2019-01-11,18.190001,0
2019-01-14,19.07,0
2019-01-15,18.6,0
2019-01-16,19.040001,0
2019-01-17,18.059999,0
2019-01-18,17.799999,0
2019-01-22,20.799999,0
2019-01-23,19.52,0
2019-01-24,18.889999,0
2019-01-25,17.42,0
2019-01-28,18.870001,0
2019-01-29,19.129999,0
2019-01-30,17.66,0
2019-01-31,16.57,0
2019-02-01,16.139999,0
2019-02-04,15.73,0
2019-02-05,15.57,0
2019-02-06,15.38,0
2019-02-07,16.370001,0
2019-02-08,15.72,0
2019-02-11,15.97,0
2019-02-12,15.43,0
2019-02-13,15.65,0
2019-02-14,16.219999,0
2019-02-15,14.91,0
2019-02-19,14.88,0
2019-02-20,14.02,0
2019-02-21,14.46,0
2019-02-22,13.51,0
2019-02-25,14.85,0
2019-02-26,15.17,0
2019-02-27,14.7,0
2019-02-28,14.78,0
2019-03-01,13.57,0
2019-03-04,14.63,0
2019-03-05,14.74,0
2019-03-06,15.74,0
2019-03-07,16.59,0
2019-03-08,16.049999,0
2019-03-11,14.33,0
2019-03-12,13.77,0
2019-03-13,13.41,0
2019-03-14,13.5,0
2019-03-15,12.88,0
2019-03-18,13.1,0
2019-03-19,13.56,0
2019-03-20,13.91,0
2019-03-21,13.63,0
2019-03-22,16.48,0
2019-03-25,16.33,0
2019-03-26,14.68,0
2019-03-27,15.15,0
2019-03-28,14.43,0
2019-03-29,13.71,0
2019-04-01,13.4,0
2019-04-02,13.36,0
2019-04-03,13.74,0
2019-04-04,13.58,0
2019-04-05,12.82,0
2019-04-08,13.18,0
2019-04-09,14.28,0
2019-04-10,13.3,0
2019-04-11,13.02,0
2019-04-12,12.01,0
2019-04-15,12.32,0
2019-04-16,12.18,0
2019-04-17,12.6,0
2019-04-18,12.09,0
2019-04-22,12.42,0
2019-04-23,12.28,0
2019-04-24,13.14,0
2019-04-25,13.25,0
2019-04-26,12.73,0
2019-04-29,13.11,0
2019-04-30,13.12,0
2019-05-01,14.8,0
2019-05-02,14.42,0
2019-05-03,12.87,0
2019-05-06,15.44,0
2019-05-07,19.32,0
2019-05-08,19.4,0
2019-05-09,19.1,0
2019-05-10,16.040001,0
2019-05-13,20.549999,0
2019-05-14,18.059999,0
2019-05-15,16.440001,0
2019-05-16,15.29,0
2019-05-17,15.96,0
2019-05-20,16.309999,0
2019-05-21,14.95,0
2019-05-22,14.75,0
2019-05-23,16.92,0
2019-05-24,15.85,0
2019-05-28,17.5,0
2019-05-29,17.9,0
2019-05-30,17.299999,0
2019-05-31,18.709999,0
2019-06-03,18.860001,0
2019-06-04,16.969999,0
2019-06-05,16.09,0
2019-06-06,15.93,0
2019-06-07,16.299999,0
2019-06-10,15.94,0
2019-06-11,15.99,0
2019-06-12,15.91,0
2019-06-13,15.82,0
2019-06-14,15.28,0
2019-06-17,15.35,0
2019-06-18,15.15,0
2019-06-19,14.33,0
2019-06-20,14.75,0
2019-06-21,15.4,0
2019-06-24,15.26,0
2019-06-25,16.280001,0
2019-06-26,16.209999,0
2019-06-27,15.82,0
2019-06-28,15.08,0
2019-07-01,14.06,0
2019-07-02,12.93,0
2019-07-03,12.57,0
2019-07-05,13.28,0
2019-07-08,13.96,0
2019-07-09,14.09,0
2019-07-10,13.03,0
2019-07-11,12.93,0
2019-07-12,12.39,0
2019-07-15,12.68,0
2019-07-16,12.86,0
2019-07-17,13.97,0
2019-07-18,13.53,0
2019-07-19,14.45,0
2019-07-22,13.53,0
2019-07-23,12.61,0
2019-07-24,12.07,0
2019-07-25,12.74,0
2019-07-26,12.16,0
2019-07-29,12.83,0
2019-07-30,13.94,0
2019-07-31,16.120001,0
2019-08-01,17.870001,0
2019-08-02,17.610001,0
2019-08-05,24.59,0
2019-08-06,20.17,0
2019-08-07,19.49,0
2019-08-08,16.91,0
2019-08-09,17.969999,0
2019-08-12,21.09,0
2019-08-13,17.52,0
2019-08-14,22.1,0
2019-08-15,21.18,0
2019-08-16,18.469999,0
2019-08-19,16.879999,0
2019-08-20,17.5,0
2019-08-21,15.8,0
2019-08-22,16.68,0
2019-08-23,19.870001,0
2019-08-26,19.32,0
2019-08-27,20.309999,0
2019-08-28,19.35,0
2019-08-29,17.879999,0
2019-08-30,18.98,0
2019-09-03,19.66,0
2019-09-04,17.33,0
2019-09-05,16.27,0
2019-09-06,15.0,0
2019-09-09,15.27,0
2019-09-10,15.2,0
2019-09-11,14.61,0
2019-09-12,14.22,0
2019-09-13,13.74,0
2019-09-16,14.67,0
2019-09-17,14.44,0
2019-09-18,13.95,0
2019-09-19,14.05,0
2019-09-20,15.32,0
2019-09-23,14.91,0
2019-09-24,17.049999,0
2019-09-25,15.96,0
2019-09-26,16.07,0
2019-09-27,17.219999,0
2019-09-30,16.24,0
2019-10-01,18.559999,0
2019-10-02,20.559999,0
2019-10-03,19.120001,0
2019-10-04,17.040001,0
2019-10-07,17.860001,0
2019-10-08,20.280001,0
2019-10-09,18.639999,0
2019-10-10,17.57,0
2019-10-11,15.58,0
2019-10-14,14.57,0
2019-10-15,13.54,0
2019-10-16,13.68,0
2019-10-17,13.79,0
2019-10-18,14.25,0
2019-10-21,14.0,0
2019-10-22,14.46,0
2019-10-23,14.01,0
2019-10-24,13.71,0
2019-10-25,12.65,0
2019-10-28,13.11,0
2019-10-29,13.2,0
2019-10-30,12.33,0
2019-10-31,13.22,0
2019-11-01,12.3,0
2019-11-04,12.83,0
2019-11-05,13.1,0
2019-11-06,12.62,0
2019-11-07,12.73,0
2019-11-08,12.07,0
2019-11-11,12.69,0
2019-11-12,12.68,0
2019-11-13,13.0,0
2019-11-14,13.05,0
2019-11-15,12.05,0
2019-11-18,12.46,0
2019-11-19,12.86,0
2019-11-20,12.78,0
2019-11-21,13.13,0
2019-11-22,12.34,0
2019-11-25,11.87,0
2019-11-26,11.54,0
2019-11-27,11.75,0
2019-11-29,12.62,0
2019-12-02,14.91,0
2019-12-03,15.96,0
2019-12-04,14.8,0
2019-12-05,14.52,0
2019-12-06,13.62,0
2019-12-09,15.86,0
2019-12-10,15.68,0
2019-12-11,14.99,0
2019-12-12,13.94,0
2019-12-13,12.63,0
2019-12-16,12.14,0
2019-12-17,12.29,0
2019-12-18,12.58,0
2019-12-19,12.5,0
2019-12-20,12.51,0
2019-12-23,12.61,0
2019-12-24,12.67,0
2019-12-26,12.65,0
2019-12-27,13.43,0
2019-12-30,14.82,0
2019-12-31,13.78,0
2020-01-02,12.47,0
2020-01-03,14.02,0
2020-01-06,13.85,0
2020-01-07,13.79,0
2020-01-08,13.45,0
2020-01-09,12.54,0
2020-01-10,12.56,0
2020-01-13,12.32,0
2020-01-14,12.39,0
2020-01-15,12.42,0
2020-01-16,12.32,0
2020-01-17,12.1,0
2020-01-21,12.85,0
2020-01-22,12.91,0
2020-01-23,12.98,0
2020-01-24,14.56,0
2020-01-27,18.23,0
2020-01-28,16.280001,0
2020-01-29,16.389999,0
2020-01-30,15.49,0
2020-01-31,18.84,0
2020-02-03,17.969999,0
2020-02-04,16.049999,0
2020-02-05,15.15,0
2020-02-06,14.96,0
2020-02-07,15.47,0
2020-02-10,15.04,0
2020-02-11,15.18,0
2020-02-12,13.74,0
2020-02-13,14.15,0
2020-02-14,13.68,0
2020-02-18,14.83,0
2020-02-19,14.38,0
2020-02-20,15.56,0
2020-02-21,17.08,0
2020-02-24,25.030001,0
2020-02-25,27.85,0
2020-02-26,27.559999,0
2020-02-27,39.16,0
2020-02-28,40.110001,0
2020-03-02,33.419998,0
2020-03-03,36.82,0
2020-03-04,31.99,0
2020-03-05,39.619999,0
2020-03-06,41.939999,0
2020-03-09,54.459999,0
2020-03-10,47.299999,0
2020-03-11,53.900002,0
2020-03-12,75.470001,0
2020-03-13,57.830002,0
2020-03-16,82.690002,0
2020-03-17,75.910004,0
2020-03-18,76.449997,0
2020-03-19,72.0,0
2020-03-20,66.040001,0
2020-03-23,61.59,0
2020-03-24,61.669998,0
2020-03-25,63.950001,0
2020-03-26,61.0,0
2020-03-27,65.540001,0
2020-03-30,57.080002,0
2020-03-31,53.540001,0
2020-04-01,57.060001,0
2020-04-02,50.91,0
2020-04-03,46.799999,0
2020-04-06,45.240002,0
2020-04-07,46.700001,0
2020-04-08,43.349998,0
2020-04-09,41.669998,0
2020-04-13,41.169998,0
2020-04-14,37.759998,0
2020-04-15,40.84,0
2020-04-16,40.110001,0
2020-04-17,38.150002,0
2020-04-20,43.830002,0
2020-04-21,45.41,0
2020-04-22,41.98,0
2020-04-23,41.380001,0
2020-04-24,35.93,0
2020-04-27,33.290001,0
2020-04-28,33.57,0
2020-04-29,31.23,0
2020-04-30,34.150002,0
2020-05-01,37.189999,0
2020-05-04,35.970001,0
2020-05-05,33.610001,0
2020-05-06,34.119999,0
2020-05-07,31.440001,0
2020-05-08,27.98,0
2020-05-11,27.57,0
2020-05-12,33.040001,0
2020-05-13,35.279999,0
2020-05-14,32.610001,0
2020-05-15,31.889999,0
2020-05-18,29.299999,0
2020-05-19,30.530001,0
2020-05-20,27.99,0
2020-05-21,29.530001,0
2020-05-22,28.16,0
2020-05-26,28.01,0
2020-05-27,27.620001,0
2020-05-28,28.59,0
2020-05-29,27.51,0
2020-06-01,28.23,0
2020-06-02,26.84,0
2020-06-03,25.66,0
2020-06-04,25.809999,0
2020-06-05,24.52,0
2020-06-08,25.809999,0
2020-06-09,27.57,0
2020-06-10,27.57,0
2020-06-11,40.790001,0
2020-06-12,36.09,0
2020-06-15,34.400002,0
2020-06-16,33.669998,0
2020-06-17,33.470001,0
2020-06-18,32.939999,0
2020-06-19,35.119999,0
2020-06-22,31.77,0
2020-06-23,31.370001,0
2020-06-24,33.84,0
2020-06-25,32.220001,0
2020-06-26,34.73,0
2020-06-29,31.780001,0
2020-06-30,30.43,0
2020-07-01,28.620001,0
2020-07-02,27.68,0
2020-07-06,27.940001,0
2020-07-07,29.43,0
2020-07-08,28.08,0
2020-07-09,29.26,0
2020-07-10,27.290001,0
2020-07-13,32.189999,0
2020-07-14,29.52,0
2020-07-15,27.76,0
2020-07-16,28.0,0
2020-07-17,25.68,0
2020-07-20,24.459999,0
2020-07-21,24.84,0
2020-07-22,24.32,0
2020-07-23,26.08,0
2020-07-24,25.84,0
2020-07-27,24.74,0
2020-07-28,25.440001,0
2020-07-29,24.1,0
2020-07-30,24.76,0
2020-07-31,24.459999,0
2020-08-03,24.280001,0
2020-08-04,23.76,0
2020-08-05,22.99,0
2020-08-06,22.65,0
2020-08-07,22.209999,0
2020-08-10,22.129999,0
2020-08-11,24.030001,0
2020-08-12,22.280001,0
2020-08-13,22.129999,0
2020-08-14,22.049999,0
2020-08-17,21.35,0
2020-08-18,21.51,0
2020-08-19,22.540001,0
2020-08-20,22.719999,0
2020-08-21,22.540001,0
2020-08-24,22.370001,0
2020-08-25,22.030001,0
2020-08-26,23.27,0
2020-08-27,24.469999,0
2020-08-28,22.959999,0
2020-08-31,26.41,0
2020-09-01,26.120001,0
2020-09-02,26.57,0
2020-09-03,33.599998,0
2020-09-04,30.75,0
2020-09-08,31.459999,0
2020-09-09,28.809999,0
2020-09-10,29.709999,0
2020-09-11,26.870001,0
2020-09-14,25.85,0
2020-09-15,25.59,0
2020-09-16,26.040001,0
2020-09-17,26.459999,0
2020-09-18,25.83,0
2020-09-21,27.780001,0
2020-09-22,26.860001,0
2020-09-23,28.58,0
2020-09-24,28.51,0
2020-09-25,26.379999,0
2020-09-28,26.190001,0
2020-09-29,26.27,0
2020-09-30,26.370001,0
2020-10-01,26.700001,0
2020-10-02,27.629999,0
2020-10-05,27.959999,0
2020-10-06,29.48,0
2020-10-07,28.059999,0
2020-10-08,26.360001,0
2020-10-09,25.0,0
2020-10-12,25.07,0
2020-10-13,26.07,0
2020-10-14,26.4,0
2020-10-15,26.969999,0
2020-10-16,27.41,0
2020-10-19,29.18,0
2020-10-20,29.35,0
2020-10-21,28.65,0
2020-10-22,28.110001,0
2020-10-23,27.549999,0
2020-10-26,32.459999,0
2020-10-27,33.349998,0
2020-10-28,40.279999,0
2020-10-29,37.59,0
2020-10-30,38.02,0
2020-11-02,37.130001,0
2020-11-03,35.549999,0
2020-11-04,29.57,0
2020-11-05,27.58,0
2020-11-06,24.860001,0
2020-11-09,25.75,0
2020-11-10,24.799999,0
2020-11-11,23.450001,0
2020-11-12,25.35,0
2020-11-13,23.1,0
2020-11-16,22.450001,0
2020-11-17,22.709999,0
2020-11-18,23.84,0
2020-11-19,23.110001,0
2020-11-20,23.700001,0
2020-11-23,22.66,0
2020-11-24,21.639999,0
2020-11-25,21.25,0
2020-11-27,20.84,0
2020-11-30,20.57,0
2020-12-01,20.77,0
2020-12-02,21.17,0
2020-12-03,21.280001,0
2020-12-04,20.790001,0
2020-12-07,21.299999,0
2020-12-08,20.68,0
2020-12-09,22.27,0
2020-12-10,22.52,0
2020-12-11,23.309999,0
2020-12-14,24.719999,0
2020-12-15,22.889999,0
2020-12-16,22.5,0
2020-12-17,21.93,0
2020-12-18,21.57,0
2020-12-21,25.16,0
2020-12-22,24.23,0
2020-12-23,23.309999,0
2020-12-24,21.530001,0
2020-12-28,21.700001,0
2020-12-29,23.08,0
2020-12-30,22.77,0
2020-12-31,22.75,0
2021-01-04,26.969999,0
2021-01-05,25.34,0
2021-01-06,25.07,0
2021-01-07,22.370001,0
2021-01-08,21.559999,0
2021-01-11,24.08,0
2021-01-12,23.33,0
2021-01-13,22.209999,0
2021-01-14,23.25,0
2021-01-15,24.34,0
2021-01-19,23.24,0
2021-01-20,21.58,0
2021-01-21,21.32,0
2021-01-22,21.91,0
2021-01-25,23.190001,0
2021-01-26,23.02,0
2021-01-27,37.209999,0
2021-01-28,30.209999,0
2021-01-29,33.09,0
2021-02-01,30.24,0
2021-02-02,25.559999,0
2021-02-03,22.91,0
2021-02-04,21.77,0
2021-02-05,20.870001,0
2021-02-08,21.24,0
2021-02-09,21.629999,0
2021-02-10,21.99,0
2021-02-11,21.25,0
2021-02-12,19.969999,0
2021-02-16,21.459999,0
2021-02-17,21.5,0
2021-02-18,22.49,0
2021-02-19,22.049999,0
2021-02-22,23.450001,0
2021-02-23,23.110001,0
2021-02-24,21.34,0
2021-02-25,28.889999,0
2021-02-26,27.950001,0
2021-03-01,23.35,0
2021-03-02,24.1,0
2021-03-03,26.67,0
2021-03-04,28.57,0
2021-03-05,24.66,0
2021-03-08,25.469999,0
2021-03-09,24.030001,0
2021-03-10,22.559999,0
2021-03-11,21.91,0
2021-03-12,20.690001,0
2021-03-15,20.030001,0
2021-03-16,19.790001,0
2021-03-17,19.23,0
2021-03-18,21.58,0
2021-03-19,20.950001,0
2021-03-22,18.879999,0
2021-03-23,20.299999,0
2021-03-24,21.200001,0
2021-03-25,19.809999,0
2021-03-26,18.860001,0
2021-03-29,20.74,0
2021-03-30,19.610001,0
2021-03-31,19.4,0
2021-04-01,17.33,0
2021-04-05,17.91,0
2021-04-06,18.120001,0
2021-04-07,17.16,0
2021-04-08,16.950001,0
2021-04-09,16.690001,0
2021-04-12,16.91,0
2021-04-13,16.65,0
2021-04-14,16.99,0
2021-04-15,16.57,0
2021-04-16,16.25,0
2021-04-19,17.290001,0
2021-04-20,18.68,0
2021-04-21,17.5,0
2021-04-22,18.709999,0
2021-04-23,17.33,0
2021-04-26,17.639999,0
2021-04-27,17.559999,0
2021-04-28,17.280001,0
2021-04-29,17.610001,0
2021-04-30,18.610001,0
2021-05-03,18.309999,0
2021-05-04,19.48,0
2021-05-05,19.15,0
2021-05-06,18.389999,0
2021-05-07,16.690001,0
2021-05-10,19.66,0
2021-05-11,21.84,0
2021-05-12,27.59,0
2021-05-13,23.129999,0
2021-05-14,18.809999,0
2021-05-17,19.719999,0
2021-05-18,21.34,0
2021-05-19,22.18,0
2021-05-20,20.67,0
2021-05-21,20.15,0
2021-05-24,18.4,0
2021-05-25,18.84,0
2021-05-26,17.360001,0
2021-05-27,16.74,0
2021-05-28,16.76,0
2021-06-01,17.9,0
2021-06-02,17.48,0
2021-06-03,18.040001,0
2021-06-04,16.42,0
2021-06-07,16.42,0
2021-06-08,17.07,0
2021-06-09,17.889999,0
2021-06-10,16.1,0
2021-06-11,15.65,0
2021-06-14,16.389999,0
2021-06-15,17.02,0
2021-06-16,18.15,0
2021-06-17,17.75,0
2021-06-18,20.700001,0
2021-06-21,17.889999,0
2021-06-22,16.66,0
2021-06-23,16.32,0
2021-06-24,15.97,0
2021-06-25,15.62,0
2021-06-28,15.76,0
2021-06-29,16.02,0
2021-06-30,15.83,0
2021-07-01,15.48,0
2021-07-02,15.07,0
2021-07-06,16.440001,0
2021-07-07,16.200001,0
2021-07-08,19.0,0
2021-07-09,16.18,0
2021-07-12,16.17,0
2021-07-13,17.120001,0
2021-07-14,16.33,0
2021-07-15,17.01,0
2021-07-16,18.450001,0
2021-07-19,22.5,0
2021-07-20,19.73,0
2021-07-21,17.91,0
2021-07-22,17.690001,0
2021-07-23,17.200001,0
2021-07-26,17.58,0
2021-07-27,19.360001,0
2021-07-28,18.309999,0
2021-07-29,17.700001,0
2021-07-30,18.24,0
2021-08-02,19.459999,0
2021-08-03,18.040001,0
2021-08-04,17.969999,0
2021-08-05,17.280001,0
2021-08-06,16.15,0
2021-08-09,16.719999,0
2021-08-10,16.790001,0
2021-08-11,16.17,0
2021-08-12,15.59,0
2021-08-13,15.45,0
2021-08-16,16.120001,0
2021-08-17,17.91,0
2021-08-18,21.57,0
2021-08-19,21.67,0
2021-08-20,18.559999,0
2021-08-23,17.15,0
2021-08-24,17.219999,0
2021-08-25,16.790001,0
2021-08-26,18.84,0
2021-08-27,16.389999,0
2021-08-30,16.190001,0
2021-08-31,16.48,0
2021-09-01,16.110001,0
2021-09-02,16.41,0
2021-09-03,16.41,0
2021-09-07,18.139999,0
2021-09-08,17.959999,0
2021-09-09,18.799999,0
2021-09-10,20.950001,0
2021-09-13,19.370001,0
2021-09-14,19.459999,0
2021-09-15,18.18,0
2021-09-16,18.690001,0
2021-09-17,20.809999,0
2021-09-20,25.709999,0
2021-09-21,24.360001,0
2021-09-22,20.870001,0
2021-09-23,18.629999,0
2021-09-24,17.75,0
2021-09-27,18.76,0
2021-09-28,23.25,0
2021-09-29,22.559999,0
2021-09-30,23.139999,0
2021-10-01,21.1,0
2021-10-04,22.959999,0
2021-10-05,21.299999,0
2021-10-06,21.0,0
2021-10-07,19.540001,0
2021-10-08,18.77,0
2021-10-11,20.0,0
2021-10-12,19.85,0
2021-10-13,18.639999,0
2021-10-14,16.860001,0
2021-10-15,16.299999,0
2021-10-18,16.309999,0
2021-10-19,15.7,0
2021-10-20,15.49,0
2021-10-21,15.01,0
2021-10-22,15.43,0
2021-10-25,15.24,0
2021-10-26,15.98,0
2021-10-27,16.98,0
2021-10-28,16.530001,0
2021-10-29,16.26,0
2021-11-01,16.41,0
2021-11-02,16.030001,0
2021-11-03,15.1,0
2021-11-04,15.44,0
2021-11-05,16.48,0
2021-11-08,17.219999,0
2021-11-09,17.780001,0
2021-11-10,18.73,0
2021-11-11,17.66,0
2021-11-12,16.290001,0
2021-11-15,16.49,0
2021-11-16,16.370001,0
2021-11-17,17.110001,0
2021-11-18,17.59,0
2021-11-19,17.91,0
2021-11-22,19.17,0
2021-11-23,19.379999,0
2021-11-24,18.58,0
2021-11-26,28.620001,0
2021-11-29,22.959999,0
2021-11-30,27.190001,0
2021-12-01,31.120001,0
2021-12-02,27.950001,0
2021-12-03,30.67,0
2021-12-06,27.18,0
2021-12-07,21.889999,0
2021-12-08,19.9,0
2021-12-09,21.58,0
2021-12-10,18.690001,0
2021-12-13,20.309999,0
2021-12-14,21.889999,0
2021-12-15,19.290001,0
2021-12-16,20.57,0
2021-12-17,21.57,0
2021-12-20,22.870001,0
2021-12-21,21.01,0
2021-12-22,18.629999,0
2021-12-23,17.959999,0
2021-12-27,17.68,0
2021-12-28,17.540001,0
2021-12-29,16.950001,0
2021-12-30,17.33,0
2021-12-31,17.219999,0
2022-01-03,16.6,0
2022-01-04,16.91,0
2022-01-05,19.73,0
2022-01-06,19.610001,0
2022-01-07,18.76,0
2022-01-10,19.4,0
2022-01-11,18.41,0
2022-01-12,17.620001,0
2022-01-13,20.309999,0
2022-01-14,19.190001,0
2022-01-18,22.790001,0
2022-01-19,23.85,0
2022-01-20,25.59,0
2022-01-21,28.85,0
2022-01-24,29.9,0
2022-01-25,31.16,0
2022-01-26,31.959999,0
2022-01-27,30.49,0
2022-01-28,27.66,0
2022-01-31,24.83,0
2022-02-01,21.959999,0
2022-02-02,22.09,0
2022-02-03,24.35,0
2022-02-04,23.219999,0
2022-02-07,22.860001,0
2022-02-08,21.440001,0
2022-02-09,19.959999,0
2022-02-10,23.91,0
2022-02-11,27.360001,0
2022-02-14,28.33,0
2022-02-15,25.700001,0
2022-02-16,24.290001,0
2022-02-17,28.110001,0
2022-02-18,27.75,0
2022-02-22,28.809999,0
2022-02-23,31.02,0
2022-02-24,30.32,0
2022-02-25,27.59,0
2022-02-28,30.15,0
2022-03-01,33.32,0
2022-03-02,30.74,0
2022-03-03,30.48,0
2022-03-04,31.98,0
2022-03-07,36.450001,0
2022-03-08,35.130001,0
2022-03-09,32.450001,0
2022-03-10,30.23,0
2022-03-11,30.75,0
2022-03-14,31.77,0
2022-03-15,29.83,0
2022-03-16,26.67,0
2022-03-17,25.67,0
2022-03-18,23.870001,0
2022-03-21,23.530001,0
2022-03-22,22.940001,0
2022-03-23,23.57,0
2022-03-24,21.67,0
2022-03-25,20.809999,0
2022-03-28,19.629999,0
2022-03-29,18.9,0
2022-03-30,19.33,0
2022-03-31,20.559999,0
2022-04-01,19.629999,0
2022-04-04,18.57,0
2022-04-05,21.030001,0
2022-04-06,22.1,0
2022-04-07,21.549999,0
2022-04-08,21.16,0
2022-04-11,24.370001,0
2022-04-12,24.26,0
2022-04-13,21.82,0
2022-04-14,22.700001,0
2022-04-18,22.17,0
2022-04-19,21.370001,0
2022-04-20,20.32,0
2022-04-21,22.68,0
2022-04-22,28.209999,0
2022-04-25,27.02,0
2022-04-26,33.52,0
2022-04-27,31.6,0
2022-04-28,29.99,0
2022-04-29,33.400002,0
2022-05-02,32.34,0
2022-05-03,29.25,0
2022-05-04,25.42,0
2022-05-05,31.200001,0
2022-05-06,30.190001,0
2022-05-09,34.75,0
2022-05-10,32.990002,0
2022-05-11,32.560001,0
2022-05-12,31.77,0
2022-05-13,28.870001,0
2022-05-16,27.469999,0
2022-05-17,26.1,0
2022-05-18,30.959999,0
2022-05-19,29.35,0
2022-05-20,29.43,0
2022-05-23,28.48,0
2022-05-24,29.450001,0
2022-05-25,28.370001,0
2022-05-26,27.5,0
2022-05-27,25.719999,0
2022-05-31,26.190001,0
2022-06-01,25.690001,0
2022-06-02,24.719999,0
2022-06-03,24.790001,0
2022-06-06,25.07,0
2022-06-07,24.02,0
2022-06-08,23.959999,0
2022-06-09,26.09,0
2022-06-10,27.75,0
2022-06-13,34.02,0
2022-06-14,32.689999,0
2022-06-15,29.620001,0
2022-06-16,32.950001,0
2022-06-17,31.129999,0
2022-06-21,30.190001,0
2022-06-22,28.950001,0
2022-06-23,29.049999,0
2022-06-24,27.23,0
2022-06-27,26.950001,0
2022-06-28,28.360001,0
2022-06-29,28.16,0
2022-06-30,28.709999,0
2022-07-01,26.700001,0
2022-07-05,27.540001,0
2022-07-06,26.73,0
2022-07-07,26.08,0
2022-07-08,24.639999,0
2022-07-11,26.17,0
2022-07-12,27.290001,0
2022-07-13,26.82,0
2022-07-14,26.4,0
2022-07-15,24.23,0
2022-07-18,25.299999,0
2022-07-19,24.5,0
2022-07-20,23.879999,0
2022-07-21,23.110001,0
2022-07-22,23.030001,0
2022-07-25,23.360001,0
2022-07-26,24.690001,0
2022-07-27,23.24,0
2022-07-28,22.33,0
2022-07-29,21.33,0
2022-08-01,22.84,0
2022-08-02,23.93,0
2022-08-03,21.950001,0
2022-08-04,21.440001,0
2022-08-05,21.15,0
2022-08-08,21.290001,0
2022-08-09,21.77,0
2022-08-10,19.74,0
2022-08-11,20.200001,0
2022-08-12,19.530001,0
2022-08-15,19.950001,0
2022-08-16,19.690001,0
2022-08-17,19.9,0
2022-08-18,19.559999,0
2022-08-19,20.6,0
2022-08-22,23.799999,0
2022-08-23,24.110001,0
2022-08-24,22.82,0
2022-08-25,21.780001,0
2022-08-26,25.559999,0
2022-08-29,26.209999,0
2022-08-30,26.209999,0
2022-08-31,25.870001,0
2022-09-01,25.559999,0
2022-09-02,25.469999,0
2022-09-06,26.91,0
2022-09-07,24.639999,0
2022-09-08,23.610001,0
2022-09-09,22.790001,0
2022-09-12,23.870001,0
2022-09-13,27.27,0
2022-09-14,26.16,0
2022-09-15,26.27,0
2022-09-16,26.299999,0
2022-09-19,25.76,0
2022-09-20,27.16,0
2022-09-21,27.99,0
2022-09-22,27.35,0
2022-09-23,29.92,0
2022-09-26,32.259998,0
2022-09-27,32.599998,0
2022-09-28,30.18,0
2022-09-29,31.84,0
2022-09-30,31.620001,0
2022-10-03,30.1,0
2022-10-04,29.07,0
2022-10-05,28.549999,0
2022-10-06,30.52,0
2022-10-07,31.360001,0
2022-10-10,32.450001,0
2022-10-11,33.630001,0
2022-10-12,33.57,0
2022-10-13,31.940001,0
2022-10-14,32.02,0
2022-10-17,31.370001,0
2022-10-18,30.5,0
2022-10-19,30.76,0
2022-10-20,29.98,0
2022-10-21,29.690001,0
2022-10-24,29.85,0
2022-10-25,28.459999,0
2022-10-26,27.280001,0
2022-10-27,27.389999,0
2022-10-28,25.75,0
2022-10-31,25.879999,0
2022-11-01,25.809999,0
2022-11-02,25.860001,0
2022-11-03,25.299999,0
2022-11-04,24.549999,0
2022-11-07,24.35,0
2022-11-08,25.540001,0
2022-11-09,26.09,0
2022-11-10,23.530001,0
2022-11-11,22.52,0
2022-11-14,23.73,0
2022-11-15,24.540001,0
2022-11-16,24.110001,0
2022-11-17,23.93,0
2022-11-18,23.120001,0
2022-11-21,22.360001,0
2022-11-22,21.290001,0
2022-11-23,20.35,0
2022-11-25,20.5,0
2022-11-28,22.209999,0
2022-11-29,21.889999,0
2022-11-30,20.58,0
2022-12-01,19.84,0
2022-12-02,19.059999,0
2022-12-05,20.75,0
2022-12-06,22.17,0
2022-12-07,22.68,0
2022-12-08,22.290001,0
2022-12-09,22.83,0
2022-12-12,25.0,0
2022-12-13,22.549999,0
2022-12-14,21.139999,0
2022-12-15,22.83,0
2022-12-16,22.620001,0
2022-12-19,22.42,0
2022-12-20,21.48,0
2022-12-21,20.07,0
2022-12-22,21.969999,0
2022-12-23,20.870001,0
2022-12-27,21.65,0
2022-12-28,22.139999,0
2022-12-29,21.440001,0
2022-12-30,21.67,0
2023-01-03,22.9,0
2023-01-04,22.01,0
2023-01-05,22.459999,0
2023-01-06,21.129999,0
2023-01-09,21.969999,0
2023-01-10,20.58,0
2023-01-11,21.09,0
2023-01-12,18.83,0
2023-01-13,18.35,0
2023-01-17,19.360001,0
2023-01-18,20.34,0
2023-01-19,20.52,0
2023-01-20,19.85,0
2023-01-23,19.809999,0
2023-01-24,19.200001,0
2023-01-25,19.08,0
2023-01-26,18.73,0
2023-01-27,18.51,0
2023-01-30,19.940001,0
2023-01-31,19.4,0
2023-02-01,17.870001,0
2023-02-02,18.73,0
2023-02-03,18.33,0
2023-02-06,19.43,0
2023-02-07,18.66,0
2023-02-08,19.629999,0
2023-02-09,20.709999,0
2023-02-10,20.530001,0
2023-02-13,20.34,0
2023-02-14,18.91,0
2023-02-15,18.23,0
2023-02-16,20.17,0
2023-02-17,20.02,0
2023-02-21,22.870001,0
2023-02-22,22.290001,0
2023-02-23,21.139999,0
2023-02-24,21.67,0
2023-02-27,20.950001,0
2023-02-28,20.700001,0
2023-03-01,20.58,0
2023-03-02,19.59,0
2023-03-03,18.49,0
2023-03-06,18.610001,0
2023-03-07,19.59,0
2023-03-08,19.110001,0
2023-03-09,22.610001,0
2023-03-10,24.799999,0
2023-03-13,26.52,0
2023-03-14,23.73,0
2023-03-15,26.139999,0
2023-03-16,22.99,0
2023-03-17,25.51,0
2023-03-20,24.15,0
2023-03-21,21.379999,0
2023-03-22,22.26,0
2023-03-23,22.610001,0
2023-03-24,21.74,0
2023-03-27,20.6,0
2023-03-28,19.969999,0
2023-03-29,19.120001,0
2023-03-30,19.02,0
2023-03-31,18.700001,0
2023-04-03,18.549999,0
2023-04-04,19.0,0
2023-04-05,19.08,0
2023-04-06,18.4,0
2023-04-10,18.969999,0
2023-04-11,19.1,0
2023-04-12,19.09,0
2023-04-13,17.799999,0
2023-04-14,17.07,0
2023-04-17,16.950001,0
2023-04-18,16.83,0
2023-04-19,16.459999,0
2023-04-20,17.17,0
2023-04-21,16.77,0
2023-04-24,16.889999,0
2023-04-25,18.76,0
2023-04-26,18.84,0
2023-04-27,17.030001,0
2023-04-28,15.78,0
2023-05-01,16.08,0
2023-05-02,17.780001,0
2023-05-03,18.34,0
2023-05-04,20.09,0
2023-05-05,17.190001,0
2023-05-08,16.98,0
2023-05-09,17.709999,0
2023-05-10,16.940001,0
2023-05-11,16.93,0
2023-05-12,17.030001,0
2023-05-15,17.120001,0
2023-05-16,17.99,0
2023-05-17,16.870001,0
2023-05-18,16.049999,0
2023-05-19,16.809999,0
2023-05-22,17.209999,0
2023-05-23,18.530001,0
2023-05-24,20.030001,0
2023-05-25,19.139999,0
2023-05-26,17.950001,0
2023-05-30,17.459999,0
2023-05-31,17.940001,0
2023-06-01,15.65,0
2023-06-02,14.6,0
2023-06-05,14.73,0
2023-06-06,13.96,0
2023-06-07,13.94,0
2023-06-08,13.65,0
2023-06-09,13.83,0
2023-06-12,15.01,0
2023-06-13,14.61,0
2023-06-14,13.88,0
2023-06-15,14.5,0
2023-06-16,13.54,0
2023-06-20,13.88,0
2023-06-21,13.2,0
2023-06-22,12.91,0
2023-06-23,13.44,0
2023-06-26,14.25,0
2023-06-27,13.74,0
2023-06-28,13.43,0
2023-06-29,13.54,0
2023-06-30,13.59,0
2023-07-03,13.57,0
2023-07-05,14.18,0
2023-07-06,15.44,0
2023-07-07,14.83,0
2023-07-10,15.07,0
2023-07-11,14.84,0
2023-07-12,13.54,0
2023-07-13,13.61,0
2023-07-14,13.34,0
2023-07-17,13.48,0
2023-07-18,13.3,0
2023-07-19,13.76,0
2023-07-20,13.99,0
2023-07-21,13.6,0
2023-07-24,13.91,0
2023-07-25,13.86,0
2023-07-26,13.19,0
2023-07-27,14.41,0
2023-07-28,13.33,0
2023-07-31,13.63,0
2023-08-01,13.93,0
2023-08-02,16.09,0
2023-08-03,15.92,0
2023-08-04,17.1,0
2023-08-07,15.77,0
2023-08-08,15.99,0
2023-08-09,15.96,0
2023-08-10,15.85,0
2023-08-11,14.84,0
2023-08-14,14.82,0
2023-08-15,16.459999,0
2023-08-16,16.780001,0
2023-08-17,17.889999,0
2023-08-18,17.299999,0
2023-08-21,17.129999,0
2023-08-22,16.969999,0
2023-08-23,15.98,0
2023-08-24,17.200001,0
2023-08-25,15.68,0
2023-08-28,15.08,0
2023-08-29,14.45,0
2023-08-30,13.88,0
2023-08-31,13.57,0
2023-09-01,13.09,0
2023-09-05,14.01,0
2023-09-06,14.45,0
2023-09-07,14.4,0
2023-09-08,13.84,0
2023-09-11,13.8,0
2023-09-12,14.23,0
2023-09-13,13.48,0
2023-09-14,12.82,0
2023-09-15,13.79,0
2023-09-18,14.0,0
2023-09-19,14.11,0
2023-09-20,15.14,0
2023-09-21,17.540001,0
2023-09-22,17.200001,0
2023-09-25,16.9,0
2023-09-26,18.940001,0
2023-09-27,18.219999,0
2023-09-28,17.34,0
2023-09-29,17.52,0
2023-10-02,17.610001,0
2023-10-03,19.780001,0
2023-10-04,18.58,0
2023-10-05,18.49,0
2023-10-06,17.450001,0
2023-10-09,17.700001,0
2023-10-10,17.030001,0
2023-10-11,16.09,0
2023-10-12,16.690001,0
2023-10-13,19.32,0
2023-10-16,17.209999,0
2023-10-17,17.879999,0
2023-10-18,19.219999,0
2023-10-19,21.4,0
2023-10-20,21.709999,0
2023-10-23,20.370001,0
2023-10-24,18.969999,0
2023-10-25,20.190001,0
2023-10-26,20.68,0
2023-10-27,21.27,0
2023-10-30,19.75,0
2023-10-31,18.139999,0
2023-11-01,16.870001,0
2023-11-02,15.66,0
2023-11-03,14.91,0
2023-11-06,14.89,0
2023-11-07,14.81,0
2023-11-08,14.45,0
2023-11-09,15.29,0
2023-11-10,14.17,0
2023-11-13,14.76,0
2023-11-14,14.16,0
2023-11-15,14.18,0
2023-11-16,14.32,0
2023-11-17,13.8,0
2023-11-20,13.41,0
2023-11-21,13.35,0
2023-11-22,12.85,0
2023-11-24,12.46,0
2023-11-27,12.69,0
2023-11-28,12.69,0
2023-11-29,12.98,0
2023-11-30,12.92,0
2023-12-01,12.63,0
2023-12-04,13.08,0
2023-12-05,12.85,0
2023-12-06,12.97,0
2023-12-07,13.06,0
2023-12-08,12.35,0
2023-12-11,12.63,0
2023-12-12,12.07,0
2023-12-13,12.19,0
2023-12-14,12.48,0
2023-12-15,12.28,0
2023-12-18,12.56,0
2023-12-19,12.53,0
2023-12-20,13.67,0
2023-12-21,13.65,0
2023-12-22,13.03,0
2023-12-26,12.99,0
2023-12-27,12.43,0
2023-12-28,12.47,0
2023-12-29,12.45,0
2024-01-02,13.2,0
2024-01-03,14.04,0
2024-01-04,14.13,0
2024-01-05,13.35,0
2024-01-08,13.08,0
2024-01-09,12.76,0
2024-01-10,12.69,0
2024-01-11,12.44,0
2024-01-12,12.7,0
2024-01-16,13.84,0
2024-01-17,14.79,0
2024-01-18,14.13,0
2024-01-19,13.3,0
2024-01-22,13.19,0
2024-01-23,12.55,0
2024-01-24,13.14,0
2024-01-25,13.45,0
2024-01-26,13.26,0
2024-01-29,13.6,0
2024-01-30,13.31,0
2024-01-31,14.35,0
2024-02-01,13.88,0
2024-02-02,13.85,0
2024-02-05,13.67,0
2024-02-06,13.06,0
2024-02-07,12.83,0
2024-02-08,12.79,0
2024-02-09,12.93,0
2024-02-12,13.93,0
2024-02-13,15.85,0
2024-02-14,14.38,0
2024-02-15,14.01,0
2024-02-16,14.24,0
2024-02-20,15.42,0
2024-02-21,15.34,0
2024-02-22,14.54,0
2024-02-23,13.75,0
2024-02-26,13.74,0
2024-02-27,13.43,0
2024-02-28,13.84,0
2024-02-29,13.4,0
2024-03-01,13.11,0
2024-03-04,13.49,0
2024-03-05,14.46,0
2024-03-06,14.5,0
2024-03-07,14.44,0
2024-03-08,14.74,0
2024-03-11,15.22,0
2024-03-12,13.84,0
2024-03-13,13.75,0
2024-03-14,14.4,0
2024-03-15,14.41,0
2024-03-18,14.33,0
2024-03-19,13.82,0
2024-03-20,13.04,0
2024-03-21,12.92,0
2024-03-22,13.06,0
2024-03-25,13.19,0
2024-03-26,13.24,0
2024-03-27,12.78,0
2024-03-28,13.01,0
2024-04-01,13.65,0
2024-04-02,14.61,0
2024-04-03,14.33,0
2024-04-04,16.35,0
2024-04-05,16.030001,0
2024-04-08,15.19,0
2024-04-09,14.98,0
2024-04-10,15.8,0
2024-04-11,14.91,0
2024-04-12,17.309999,0
2024-04-15,19.23,0
2024-04-16,18.4,0
2024-04-17,18.209999,0
2024-04-18,18.0,0
2024-04-19,18.709999,0
2024-04-22,16.940001,0
2024-04-23,15.69,0
2024-04-24,15.97,0
2024-04-25,15.37,0
2024-04-26,15.03,0
2024-04-29,14.67,0
2024-04-30,15.65,0
2024-05-01,15.39,0
2024-05-02,14.68,0
2024-05-03,13.49,0
2024-05-06,13.49,0
2024-05-07,13.23,0
2024-05-08,13.0,0
2024-05-09,12.69,0
2024-05-10,12.55,0
2024-05-13,13.6,0
2024-05-14,13.42,0
2024-05-15,12.45,0
2024-05-16,12.42,0
2024-05-17,11.99,0
2024-05-20,12.15,0
2024-05-21,11.86,0
2024-05-22,12.29,0
2024-05-23,12.77,0
2024-05-24,11.93,0
2024-05-28,12.92,0
2024-05-29,14.28,0
2024-05-30,14.47,0
2024-05-31,12.92,0
2024-06-03,13.11,0
2024-06-04,13.16,0
2024-06-05,12.63,0
2024-06-06,12.58,0
2024-06-07,12.22,0
2024-06-10,12.74,0
2024-06-11,12.85,0
2024-06-12,12.04,0
2024-06-13,11.94,0
2024-06-14,12.66,0
2024-06-17,12.75,0
2024-06-18,12.3,0
2024-06-20,13.28,0
2024-06-21,13.2,0
2024-06-24,13.33,0
2024-06-25,12.84,0
2024-06-26,12.55,0
2024-06-27,12.24,0
2024-06-28,12.44,0
2024-07-01,12.22,0
2024-07-02,12.03,0
2024-07-03,12.09,0
2024-07-05,12.48,0
2024-07-08,12.37,0
2024-07-09,12.51,0
2024-07-10,12.85,0
2024-07-11,12.92,0
2024-07-12,12.46,0
2024-07-15,13.12,0
2024-07-16,13.19,0
2024-07-17,14.48,0
2024-07-18,15.93,0
2024-07-19,16.52,0
2024-07-22,14.91,0
2024-07-23,14.72,0
2024-07-24,18.040001,0
2024-07-25,18.459999,0
2024-07-26,16.389999,0
2024-07-29,16.6,0
2024-07-30,17.690001,0
2024-07-31,16.360001,0
2024-08-01,18.59,0
2024-08-02,23.389999,0
2024-08-05,38.57,0
2024-08-06,27.709999,0
2024-08-07,27.85,0
2024-08-08,23.790001,0
2024-08-09,20.370001,0
2024-08-12,20.709999,0
2024-08-13,18.120001,0
2024-08-14,16.190001,0
2024-08-15,15.23,0
2024-08-16,14.8,0
2024-08-19,14.65,0
2024-08-20,15.88,0
2024-08-21,16.27,0
2024-08-22,17.549999,0
2024-08-23,15.86,0
2024-08-26,16.15,0
2024-08-27,15.43,0
2024-08-28,17.110001,0
2024-08-29,15.65,0
2024-08-30,15.0,0
2024-09-03,20.719999,0
2024-09-04,21.32,0
2024-09-05,19.9,0
2024-09-06,22.379999,0
2024-09-09,19.450001,0
2024-09-10,19.08,0
2024-09-11,17.690001,0
2024-09-12,17.07,0
2024-09-13,16.559999,0
2024-09-16,17.139999,0
2024-09-17,17.610001,0
2024-09-18,18.23,0
2024-09-19,16.33,0
2024-09-20,16.15,0
2024-09-23,15.89,0
2024-09-24,15.39,0
2024-09-25,15.41,0
2024-09-26,15.37,0
2024-09-27,16.959999,0
2024-09-30,16.73,0
2024-10-01,19.26,0
2024-10-02,18.9,0
2024-10-03,20.49,0
2024-10-04,19.209999,0
2024-10-07,22.639999,0
2024-10-08,21.42,0
2024-10-09,20.860001,0
2024-10-10,20.93,0
2024-10-11,20.459999,0
2024-10-14,19.700001,0
2024-10-15,20.639999,0
2024-10-16,19.58,0
2024-10-17,19.110001,0
2024-10-18,18.030001,0
2024-10-21,18.370001,0
2024-10-22,18.200001,0
2024-10-23,19.24,0
2024-10-24,19.08,0
2024-10-25,20.33,0
2024-10-28,19.799999,0
2024-10-29,19.34,0
2024-10-30,20.35,0
2024-10-31,23.16,0
2024-11-01,21.879999,0
2024-11-04,21.98,0
2024-11-05,20.49,0
2024-11-06,16.27,0
2024-11-07,15.2,0
2024-11-08,14.94,0
2024-11-11,14.97,0
2024-11-12,14.71,0
2024-11-13,14.02,0
2024-11-14,14.31,0
2024-11-15,16.139999,0
2024-11-18,15.58,0
2024-11-19,16.35,0
2024-11-20,17.16,0
2024-11-21,16.870001,0
2024-11-22,15.24,0
2024-11-25,14.6,0
2024-11-26,14.1,0
2024-11-27,14.1,0
2024-11-29,13.51,0
2024-12-02,13.34,0
2024-12-03,13.3,0
2024-12-04,13.45,0
2024-12-05,13.54,0
2024-12-06,12.77,0
2024-12-09,14.19,0
2024-12-10,14.18,0
2024-12-11,13.58,0
2024-12-12,13.92,0
2024-12-13,13.81,0
2024-12-16,14.69,0
2024-12-17,15.87,0
2024-12-18,27.620001,0
2024-12-19,24.09,0
2024-12-20,18.360001,0
2024-12-23,16.780001,0
2024-12-24,14.27,0
2024-12-26,14.73,0
2024-12-27,15.95,0
2024-12-30,17.4,0
2024-12-31,17.35,0
2025-01-02,17.93,0
2025-01-03,16.129999,0
2025-01-06,16.040001,0
2025-01-07,17.82,0
2025-01-08,17.700001,0
2025-01-10,19.540001,0
2025-01-13,19.190001,0
2025-01-14,18.709999,0
2025-01-15,16.120001,0
2025-01-16,16.6,0
2025-01-17,15.97,0
2025-01-21,15.06,0
2025-01-22,15.1,0
2025-01-23,15.02,0
2025-01-24,14.85,0
2025-01-27,17.9,0
2025-01-28,16.41,0
2025-01-29,16.559999,0
2025-01-30,15.84,0
2025-01-31,16.43,0
2025-02-03,18.620001,0
2025-02-04,17.209999,0
2025-02-05,15.77,0
2025-02-06,15.5,0
2025-02-07,16.540001,0
2025-02-10,15.81,0
2025-02-11,16.02,0
2025-02-12,15.89,0
2025-02-13,15.1,0
2025-02-14,14.77,0
2025-02-18,15.35,0
2025-02-19,15.27,0
2025-02-20,15.66,0
2025-02-21,18.209999,0
2025-02-24,18.98,0
2025-02-25,19.43,0
2025-02-26,19.1,0
2025-02-27,21.129999,0
2025-02-28,19.629999,0
2025-03-03,22.780001,0
2025-03-04,23.51,0
2025-03-05,21.93,0
2025-03-06,24.870001,0
2025-03-07,23.370001,0
2025-03-10,27.860001,0
2025-03-11,26.92,0
2025-03-12,24.23,0
2025-03-13,24.66,0
2025-03-14,21.77,0
2025-03-17,20.51,0
2025-03-18,21.700001,0
2025-03-19,19.9,0
2025-03-20,19.799999,0
2025-03-21,19.280001,0
2025-03-24,17.48,0
2025-03-25,17.15,0
2025-03-26,18.33,0
2025-03-27,18.690001,0
2025-03-28,21.65,0
2025-03-31,22.280001,0
2025-04-01,21.77,0
2025-04-02,21.51,0
2025-04-03,30.02,0
2025-04-04,45.310001,0
2025-04-07,46.98,0
2025-04-08,52.330002,0
2025-04-09,33.619999,0
2025-04-10,40.720001,0
2025-04-11,37.560001,0
2025-04-14,30.889999,0
2025-04-15,30.120001,0
2025-04-16,32.639999,0
2025-04-17,29.65,0
2025-04-21,33.82,0
2025-04-22,30.57,0
2025-04-23,28.450001,0
2025-04-24,26.469999,0
2025-04-25,24.84,0
2025-04-28,25.15,0
2025-04-29,24.17,0
2025-04-30,24.700001,0
2025-05-01,24.6,0
2025-05-02,22.68,0
2025-05-05,23.639999,0
2025-05-06,24.76,0
2025-05-07,23.549999,0
2025-05-08,22.48,0
2025-05-09,21.9,0
2025-05-12,18.389999,0
2025-05-13,18.219999,0
2025-05-14,18.620001,0
2025-05-15,17.83,0
2025-05-16,17.24,0
2025-05-19,18.139999,0
2025-05-20,18.09,0
2025-05-21,20.870001,0
2025-05-22,20.280001,0
2025-05-23,22.290001,0
2025-05-27,18.959999,0
2025-05-28,19.309999,0
2025-05-29,19.18,0
2025-05-30,18.57,0
2025-06-02,18.360001,0
2025-06-03,17.690001,0
2025-06-04,17.610001,0
2025-06-05,18.48,0
2025-06-06,16.77,0
2025-06-09,17.16,0
2025-06-10,16.950001,0
2025-06-11,17.26,0
2025-06-12,18.02,0
2025-06-13,20.82,0
2025-06-16,19.110001,0
2025-06-17,21.6,0
2025-06-18,20.139999,0
2025-06-20,20.620001,0
2025-06-23,19.83,0
2025-06-24,17.48,0
2025-06-25,16.76,0
2025-06-26,16.59,0
2025-06-27,16.32,0
2025-06-30,16.73,0
2025-07-01,16.83,0
2025-07-02,16.639999,0
2025-07-03,16.379999,0
2025-07-07,17.790001,0
2025-07-08,16.809999,0
2025-07-09,15.94,0
2025-07-10,15.78,0
2025-07-11,16.4,0
2025-07-14,17.200001,0
2025-07-15,17.379999,0
2025-07-16,17.16,0
2025-07-17,16.52,0
2025-07-18,16.41,0
2025-07-21,16.65,0
2025-07-22,16.5,0
2025-07-23,15.37,0
2025-07-24,15.39,0
2025-07-25,14.93,0
2025-07-28,15.03,0
2025-07-29,15.98,0
2025-07-30,15.48,0
2025-07-31,16.719999,0
2025-08-01,20.379999,0
2025-08-04,17.52,0
2025-08-05,17.85,0
2025-08-06,16.77,0
2025-08-07,16.57,0
2025-08-08,15.15,0
2025-08-11,16.25,0
2025-08-12,14.73,0
2025-08-13,14.49,0
2025-08-14,14.83,0
2025-08-15,15.09,0
2025-08-18,14.99,0
2025-08-19,15.57,0
2025-08-20,15.69,0
2025-08-21,16.6,0
2025-08-22,14.22,0
2025-08-25,14.79,0
2025-08-26,14.62,0
2025-08-27,14.85,0
2025-08-28,14.43,0
2025-08-29,15.36,0
2025-09-02,17.17,0
2025-09-03,16.35,0
2025-09-04,15.3,0
2025-09-05,15.18,0
2025-09-08,15.11,0
2025-09-09,15.04,0
2025-09-10,15.35,0
2025-09-11,14.71,0
2025-09-12,14.76,0
2025-09-15,15.69,0
2025-09-16,16.360001,0
2025-09-17,15.72,0
2025-09-18,15.7,0
2025-09-19,15.45,0
2025-09-22,16.1,0
2025-09-23,16.639999,0
2025-09-24,16.18,0
2025-09-25,16.74,0
2025-09-26,15.29,0
2025-09-29,16.120001,0
2025-09-30,16.280001,0
2025-10-01,16.290001,0
2025-10-02,16.629999,0
2025-10-03,16.65,0
2025-10-06,16.370001,0
2025-10-07,17.24,0
2025-10-08,16.299999,0
2025-10-09,16.43,0
2025-10-10,21.66,0
2025-10-13,19.030001,0
2025-10-14,20.809999,0
2025-10-15,20.639999,0
2025-10-16,25.309999,0
2025-10-17,20.780001,0
2025-10-20,18.23,0
2025-10-21,17.870001,0
2025-10-22,18.6,0
2025-10-23,17.299999,0
2025-10-24,16.370001,0
2025-10-27,15.79,0
2025-10-28,16.42,0
2025-10-29,16.92,0
2025-10-30,16.91,0
2025-10-31,17.440001,0
2025-11-03,17.17,0
2025-11-04,19.0,0
2025-11-05,18.01,0
2025-11-06,19.5,0
2025-11-07,19.08,0
2025-11-10,17.6,0
2025-11-11,17.280001,0
2025-11-12,17.51,0
2025-11-13,20.0,0
2025-11-14,19.83,0
2025-11-17,22.379999,0
2025-11-18,24.690001,0
2025-11-19,23.66,0
2025-11-20,26.42,0
2025-11-21,23.43,0
2025-11-24,20.52,0
2025-11-25,18.559999,0
2025-11-26,17.190001,0
2025-11-28,16.35,0
2025-12-01,17.24,0
2025-12-02,16.59,0
2025-12-03,16.08,0
2025-12-04,15.78,0
2025-12-05,15.41,0
2025-12-08,16.66,0
2025-12-09,16.93,0
2025-12-10,15.77,0
2025-12-11,14.85,0
2025-12-12,15.74,0
2025-12-15,16.5,0
2025-12-16,16.48,0
2025-12-17,17.620001,0
2025-12-18,16.870001,0
2025-12-19,14.91,0
2025-12-22,14.08,0
2025-12-23,14.0,0
2025-12-24,13.47,0
2025-12-26,13.6,0
2025-12-29,14.2,0
2025-12-30,14.33,0
2025-12-31,14.95,0
2026-01-02,14.51,0
2026-01-05,14.9,0
2026-01-06,14.75,0
2026-01-07,15.38,0
2026-01-08,15.45,0
2026-01-09,14.49,0
2026-01-12,15.12,0
2026-01-13,15.98,0
2026-01-14,16.75,0
2026-01-15,15.84,0
2026-01-16,15.86,0
2026-01-20,20.09,0
2026-01-21,16.9,0
2026-01-22,15.64,0
2026-01-23,16.09,0
2026-01-26,16.15,0
2026-01-27,16.35,0
2026-01-28,16.35,0
2026-01-29,16.879999,0
2026-01-30,17.440001,0
2026-02-02,16.34,0
2026-02-03,18.0,0
2026-02-04,18.639999,0
2026-02-05,21.77,0
2026-02-06,20.370001,0
2026-02-09,17.360001,0
2026-02-10,17.790001,0
2026-02-11,17.65,0
2026-02-12,20.82,0
2026-02-13,20.6,0
2026-02-17,20.290001,0
2026-02-18,19.620001,0
2026-02-19,20.23,0
2026-02-20,19.09,0
2026-02-23,21.01,0
2026-02-24,19.549999,0
2026-02-25,17.93,0
2026-02-26,18.629999,0
2026-02-27,19.860001,0
2026-03-02,21.440001,0
2026-03-03,23.57,0
2026-03-04,21.15,0
2026-03-05,23.75,0
2026-03-06,29.49,0
2026-03-09,25.5,0
2026-03-10,24.93,0
2026-03-11,24.23,0
2026-03-12,27.290001,0
2026-03-13,27.190001,0
2026-03-16,23.51,0
2026-03-17,22.370001,0
2026-03-18,25.09,0
2026-03-19,24.059999,0
2026-03-20,26.780001,0
2026-03-23,26.15,0
2026-03-24,26.950001,0
2026-03-25,25.33,0
2026-03-26,27.440001,0
2026-03-27,31.049999,0
2026-03-30,30.610001,0
2026-03-31,25.25,0
2026-04-01,24.540001,0
2026-04-02,23.870001,0
2026-04-06,24.17,0
2026-04-07,25.780001,0
2026-04-08,21.040001,0
2026-04-09,19.49,0
2026-04-10,19.23,0
2026-04-13,19.120001,0
2026-04-14,18.360001,0
2026-04-15,18.17,0
2026-04-16,17.940001,0
2026-04-17,17.48,0
2026-04-20,18.870001,0
2026-04-21,19.5,0
2026-04-22,18.92,0
2026-04-23,19.309999,0
2026-04-24,18.709999,0
2026-04-27,18.02,0
2026-04-28,17.83,0
2026-04-29,18.809999,0
2026-04-30,16.889999,0
2026-05-01,16.99,0
2026-05-04,18.290001,0
2026-05-05,17.379999,0
2026-05-06,17.389999,0
2026-05-07,17.08,0
2026-05-08,17.190001,0
2026-05-11,18.379999,0
2026-05-12,17.99,0
2026-05-13,17.870001,0
2026-05-14,17.26,0
2026-05-15,18.43,0
2026-05-18,17.82,0
2026-05-19,18.059999,0
2026-05-20,17.440001,0
2026-05-21,16.76,0
2026-05-22,16.700001,0
2026-05-25,16.59,0
2026-05-26,17.01,0
2026-05-27,16.290001,0
2026-05-28,15.74,0
2026-05-29,15.32,0
2026-06-01,16.049999,0
2026-06-02,15.77,0
2026-06-03,16.059999,0
2026-06-04,15.4,0
2026-06-05,21.51,0
2026-06-08,18.92,0
2026-06-09,19.870001,0
2026-06-10,22.219999,0
2026-06-11,19.440001,0
2026-06-12,17.68,0
2026-06-15,16.200001,0
2026-06-16,16.41,0
2026-06-17,18.440001,0
2026-06-18,16.4,0
2026-06-22,17.280001,0
2026-06-23,19.49,0
2026-06-24,18.629999,0
2026-06-25,18.889999,0
2026-06-26,18.41,0
2026-06-29,17.65,0
2026-06-30,16.450001,0
2026-07-01,16.59,0
2026-07-02,16.15,0
2026-07-06,15.57,0
2026-07-07,16.129999,0
2026-07-08,16.9,0
